Id,Translated Name,,,Requirement,Quote,,Version
20101,Kampferprobter Veteran,,,,,,2021
20102,Hauptmann der Garde,,,,,,2021-S01
20103,"Sandor Clegane, Der Bluthund",,,,„Töten ist das Süßeste der Welt.“,,2021
20104,"Tywin Lennister, Lord von Casterlystein",,,,"„Für jede Arbeit gibt es das richtige Werkzeug, und für jedes Werkzeug die richtige Aufgabe.“",,2021-S03
20105,"Tyrion Lennister, Halbmann",,,,„Das sind tapfere Kerle. Gehen wir und töten wir sie.“,,2021
20106,"Barristan Selmy, Lord Kommandant der Königsgarde",,,"*Darf nicht in einer Armee aufgestellt werden, die die Einheit Königsgarde enthält.*","„Nur noch Ser Barristan Selmy ist aus echtem Stahl gemacht, und Selmy ist alt.“ – Varys",,2021
20107,"Jaime Lennister, Königsgarde",,,"*Darf nicht in einer Armee aufgestellt werden, die die Einheit Königsgarde enthält.*","„… ein Waffenbruder der Weißen Schwerter, und wir wissen alle, was sein Eid wert ist.“ – Varys",,2021-S02
20108,"Mandon Moor, Königsgarde",,,"*Darf nicht in einer Armee aufgestellt werden, die die Einheit Königsgarde enthält.*",„Der Tod in schneeweißer Seide.“– Tyrion Lennister,,2021
20109,"Meryn Trant, Königsgarde",,,"*Darf nicht in einer Armee aufgestellt werden, die die Einheit Königsgarde enthält.*","„Einst waren sie der Welt ein leuchtendes, bewundernswertes Vorbild.“ – Bran Stark",,2021
20110,"Arys Eichenherz, Königsgarde",,,"*Darf nicht in einer Armee aufgestellt werden, die die Einheit Königsgarde enthält.*","„Es gab stets Männer, denen es leichter gefallen ist, ein Gelübde abzulegen, als es einzuhalten.“",,2021
20111,"Boros Blount, Königsgarde",,,"*Darf nicht in einer Armee aufgestellt werden, die die Einheit Königsgarde enthält.*",„Niemand bedroht Seine Gnaden in Gegenwart der Königsgarde!“,,2021-S01
20112,"Preston Grünfeld, Königsgarde",,,"*Darf nicht in einer Armee aufgestellt werden, die die Einheit Königsgarde enthält.*",„Wer hört allem zu und hört doch nichts?“ „Ein Ritter der Königsgarde.“,,2021
20113,Streiter des Glaubens,,,,,,2021-S02
20114,"Gregor Clegane, Lord Tywins wilder Hund",,,,„Niemand war Gregor je gewachsen.“– Sandor Clegane,,2021
20115,"Jaime Lennister, Der Königsmörder",,,,"Offiziell nannte man ihn den „Löwen von Lennister“, hinter seinem Rücken flüsterte man vom „Königsmörder“.",,2021-S03
20116,"Gregor Clegane, Der Berg",,,,„Kein anderer Ritter des Reiches erfüllt unsere Feinde mit solchem Schrecken.“ – Tywin Lennister,,S04
20117,"Jaime Lennister, Der junge Löwe",,,,„Es gibt keine Menschen wie mich. Es gibt nur mich.“,,2021
20118,"Gregor Clegane, Koloss zu Pferde",,,,"„Der Kopf dieser Bestie wäre ein edles Geschenk für alle Menschen des Reiches, das schwöre ich.“ – Brynden Tully",,2021
20120,"Tyrion Lennister, Der Riese von Lennister",,,,"„Ich denke, er ist ein Riese unter uns, hier am Ende der Welt.“ – Maester Aemon",,2021-S03
20121,"Joffrey Baratheon, Erster seines Namens",,,,"„Mein Sohn. Wie konnte ich einen solchen Sohn in die Welt setzen, Ned?“ – Robert Baratheon",,2021-S02
20123,Vollstrecker der Schildwache,,,,,,2021-S03
20124,Schlächter von Haus Clegane,,,,,,2021-S02
20125,"Der Hohe Spatz, Seine Hohe Heiligkeit",,,,"„Wozu sind wir eigentlich verkommen, wenn Könige und Hohe Lords jetzt schon nach der Pfeife eines Spatzen tanzen müssen.“ – Randyll Tarly",,2021
20126,"Qyburn, Verbotenes Wissen",,,,"„Die Citadel hat mir die Kette genommen,aber mein Wissen mussten sie mir lassen.“",,2021
20127,"Addam Marbrand, Getreuer Bannerträger",,,,"„Gern würde ich die Gelegenheitnutzen, meinen eigenen Stahl gegendiesen jungen Stark zu führen.“",,S04
20128,"Ser Robert Kraft, Der schweigende Riese",,,"*Darf nicht in einer Armee aufgestellt werden, dieGregor Clegane enthält. Darf nur in einer Armeeaufgestellt werden, die Qyburn oder TommenBaratheon, Nächster in der Thronfolge, enthält.*","„Wir wissen nicht einmal, ob er lebt.“– Kevan Lennister",,2021
20129,"Addam Marbrand, Kommandant der Stadtwache",,,,"„Wie Jaime gehörte er zu jener Sorte Männer,denen andere gern folgten.“ – Tyrion Lennister",,2021-S02
20130,"Kevan Lennister, Beschützer des Reiches",,,,"„Es gibt viele wie Euch, gute Männer, die füreine schlechte Sache eintreten …“ – Varys",,S04
20131,Stadttorwache,,,,,,2021
20201,"Robb Stark, Der Wolfslord",,,,"„Alle Männer sollten ihr Wort halten, und Könige ganz besonders.“",,2021-S03
20202,"Großjon Umber, Lord vom letzten Herd",,,,„Grauwind hat ihm zwei Finger abgebissen und er hat darüber gelacht.“ – Robb Stark,,S04
20203,Streiter von Haus Umber,,,,,,2021
20204,Hauptmann der geschworenen Schwerter,,,,,,2021
20205,"Großjon Umber, Grimmiger Vasall",,,,"„Dein Vater hat mir einmal gesagt, der Großjon sei furchtlos wie niemand sonst, dem er je begegnet sei.“ – Catelyn Stark",,2021-S01
20206,"Robb Stark, Der junge Wolf",,,,"„Kein Schwert ist scharf, solange es nicht geschliffen ist.“",,2021
20207,"Bran und Hodor, Schützling und Beschützer",,,,„Hodor. Hodor Hodor.“„Du hast recht. Das könnte Gefährlich werden.“,,2021-S01
20208,"Brynden Tully, Der Schwarzfisch",,,,„Meine erste Regel im Krieg lautet: Erfülle dem Feind niemals seine Wünsche.“,,2021-S02
20209,"Brynden Tully, Unbeugsamer Ritter",,,,"„Macht die Augen auf, und Ihr werdet sehen, dass der Schattenwolf noch immer über unseren Mauern weht.“",,2021
20210,"Eddard Stark, Lord von Winterfell",,,,"„Du musst die Männer kennen, die dir folgen, und sie dich. Verlange von deinen Leuten nicht, für einen Fremden zu sterben.“",,2021
20211,"Rodrik Cassel, Waffenmeister",,,,"„Sprechen wir vom Morgen, können wir nichts als sicher betrachten.“",,2021
20212,Wächter der Pfahlbaumänner,,,,,,2021
20213,"Maegen Mormont, Die Bärin",,,,"„Maegen ist ein grauer, alter Snark, halsstarrig, undgeduldig und eigensinnig.“ – Jeor Mormont",,2021
20214,"Brynden Tully, Invasor der Vorreiter",,,,„Niemand kennt die Länder des Nordens so gut wie Brynden.“,,2021-S02
20215,"Brynden Tully, Befehlshaber der Vorreiter",,,,"„Es ist nicht gut, sein Schwert zu einer Pflugschar umzuschmieden, wenn man es am nächsten Tag wieder neu schmieden muss.“",,2021
20216,"Meera Reet, Gerissene Fallenstellerin",,,,„Schlammmenschen sind Schleicher. Sie kämpfen nicht wie anständige Männer.“ – Kleiner Walder Frey,,2021-S01
20217,"Jojen Reet, Grünseher",,,,"„Winterfell vertrauen wir Grauwasser an. Herd und Herz und Herbsternte bieten wir Euch, Mylord.“",,2021
20218,"Syrio Forel, Der erste Krieger von Braavos",,,"*Darf nur in einer Armee aufgestellt werden, die Eddard Stark oder Arya, Das Wolfsmädchen, enthält.*","„Meine Worte haben gelogen. Meine Augen und meine Arme haben die Wahrheit herausgeschrien, nur hast du nicht hingesehen.“",,2021
20219,"Rickon Stark, Prinz von Winterfell",,,,"„Gehen wir dorthin, wo Struppel ist?“",,2021
20220,"Osha, Speerfrau-Beschützerin",,,"*Darf nur in einer Armee aufgestellt werden, die Rickon Stark enthält, und muss seine Einheit verstärken. Ignoriere die üblichen Verstärkungsbeschränkungen.*","„Die Riesen habe ich gesehen, von den Kindern nur Geschichten gehört und von den Weißen Wanderern …“",,2021
20222,Veteranin von Haus Mormont,,,,,,2021-S02
20223,Überlebenskünstler der Pfahlbaumänner,,,,,,2021
20224,Beschützer von Winterfell,,,,,,2021
20225,"Holand Reet, Lord der Pfahlbaumänner",,,,"„Ihr werdet sie nicht bemerken, aber sie sehen Euch. Wer ihnen in die Sümpfe folgt, verirrt sich und kommt niemals wieder heraus.“ – Walder Frey",,2021
20226,Hauptmann der Loyalisten,,,,,,2021
20227,"Rickard Karstark, Rachsüchtiger Bannerträger",,,,"„Täusch dich nicht, Robb – sie sind deine Gefolgsleute, nicht deine Freunde.“ – Catelyn Stark",,2021
20228,"Rickard Karstark, Lord von Karholt",,,,"„Im Krieg tötet man seine Feinde. Hat Euch Euer Vater das nicht beigebracht, Knabe?“",,2021
20229,"Maegen Mormont, Lady der Bäreninsel",,,,"„Ob es mir gefällt oder nicht: Meine Schwester marschiert in der Armee deines Bruders, sie und ihre Töchter, in Männerrüstungen.“ – Jeor Mormont",,S04
20301,"Tormund Riesentod, Donnerfaust",,,,"„Tormund Riesentod schien mir die Art Mann zu sein, die man gern zum Freund und höchst ungern zum Feind hat.“ – Jon Schnee",,S04
20302,"Tormund Riesentod, Großsprecher, Hornbläser, Brecher des Eises",,,,„Und jetzt lass den Met kommen!“,,2021-S02
20303,"Manke Rayder, König-Jenseits-der-Mauer",,,,"„Ich bin mein eigener Recke, mein eigener Narr und mein eigener Harfner.“",,S04
20304,Anführer des Raubzugs,,,,,,2021
20305,Alpha der Höhlenbewohner,,,,,,2021
20306,Matriarchin der Speerfrauen,,,,,,2021
20307,Leibwechsler,,,,,,S04
20308,Adler,,,*Diese Figur kann nur durch die Fähigkeit „Gebundener Leibwechsler“ einer Armee hinzugefügt werden.*,,,2021
20309,Wolf,,,*Diese Figur kann nur durch die Fähigkeit „Gebundener Leibwechsler“ einer Armee hinzugefügt werden.*,,,2021
20310,Auserkorener von Styr,,,,,,2021-S01
20313,"Styr, Magnar von Thenn",,,,"„Seine Leute verehrten ihn eher wie einen Gott, statt ihn als ihren Herrn zu achten.“",,2021
20314,Knochenstreiter,,,,,,2021
20315,"Rasselhemd, Der Herr der Knochen",,,,„Rasselhemd könnte seine Hände hundertmal waschen und hätte immer noch Blut unter den Nägeln.“ – Jon Schnee,,2021-S03
20316,"Rasselhemd, Gnadenloser Schlächter",,,,"„Ein kleiner, boshafter und verräterischer Mann, so dumm wie Grausam.“ – Jon Schnee",,2021
20317,"Harma, Herrführerin der Vorhut",,,,„Ich behalte seinen Kopf als Banner. Ein Abtrünniger ist schlimmer als ein Hund.“,,2021
20318,"Harma, Der Hundekopf",,,,"„Alle zwei Wochen ein neuer Hund, ein neuer Banner.“",,2021
20319,Harmas Bannerträger,,,"*Darf nur in einer Armee aufgestellt werden, die Harma enthält. Ignoriere die üblichen Verstärkungsbeschränkungen.*",Sie hasst Hunde ebenso sehr wie sie Krähen hasst.,,2021-S03
20320,"Der Weiner, Schrecklicher Fleischer",,,,"„Die Augen herauszuschneiden ist das Werk des Weiners. Die besten Krähen sind blinde Krähen, hat er immer gesagt.“",,2021-S03
20321,"Der Weiner, Grausamer Tyrann",,,,„Der Weiner wird die Worte nicht sprechen. Er wird den Mantel nicht tragen. Selbst die anderen Räuber vertrauen ihm nicht.“ – Othell Yarwyck,,2021-S01
20322,"Ygritte, Bogenschützin der Speerfrauen",,,,"„Männer können kein Land besitzen, genauso wenig wie das Meer oder den Himmel.“",,2021
20323,"Jarl, Versierter Anführer von Überfällen",,,,„Die Mauer verteidigt sich selbst.“,,2021-S02
20324,Häuptling des Walrossclans,,,,,,2021-S01
20325,"Das grosse Walross, Durch Eis und Schnee gestählt",,,,„Hrmph.“,,S04
20326,"Jon Schnee, Die übergelaufene Krähe",,,,"„Männer sind Männer, und Frauen sindFrauen, gleichgültig, auf welcher Seite derMauer wir geboren wurden.“ – Lady Val",,2021
20328,"Borroq, Eber-Leibwechsler",,,,"„Und was machst du, Krähe? Verkriechstdu dich mit deinem weißen Hund hierin der Schwarzen Festung?“",,2021-S01
20329,"Das grosse Walross, Lord der Eisigen Küste",,,,"„Ein wildes Volk. Die Männer sind schlimm, dieFrauen noch schlimmer.“ – Tormund Riesentod",,2021-S02
20401,Hauptmann von Grauenstein,,,,,,2021
20402,"Ramsay Schnee, Der Bastard von Bolton",,,,"„Schnee hat mich mein Weib genannt, bevor sie ihre eigenen Finger gefressen hat, aber ich sage Bolton.“",,2021
20403,"Ramsay Schnee, Sadist",,,,"„... ein nackter Mann hat wenig Geheimnisse, aber ein gehäuteter Mann hat gar keine mehr.“",,2021
20404,"Theon Graufreud, Stinker",,,"*Darf nur in einer Armee aufgestellt werden, die Ramsay Schnee enthält, und muss seine Einheit verstärken. Ignoriere die üblichen Verstärkungsbeschränkungen.*","„Ich bin nicht er, bin nicht der Abtrünnige, er ist in Winterfell gestorben. Mein Name ist Stinker.“",,2021-S01
20406,"Brienne, Jungfrau von Tarth",,,,"„Ein wahrer Ritter hat geschworen, die Schwachen zu beschützen oder sein Leben bei dem Versuch zu geben.“",,2021-S02
20407,"Bronn, Der Söldner",,,,"„Ich verkaufe mein Schwert, ich verschenke es nicht.“",,2021
20408,Schinder von Haus Bolton,,,,,,2021
20409,"Vargo Hoat, Die Ziege von Harrenhal",,,,"„Die Ziege ist der Lord von Harrenhal, und der Lord von Harrenhal feilscht nicht.“ – Qyburn",,2021-S03
20410,"Vargo Hoat, Der Krüppelmacher",,,,„Wie viele Ungeheuer hat Lord Tywin denn noch?“ – Arya Stark,,2021
20411,"Daario Naharis, Hauptmann der Sturmkrähen",,,,"„Er hat das Gewissen eines Söldners, also gar keins.“ – Daenerys Targaryen",,2021
20412,"Daario Naharis, Rücksichtsloser Söldner",,,,"„Für mich gilt ein Tag nicht als richtig gelebt, wenn ich nicht eine Frau geliebt, einen Feind getötet und ein gutes Mahl genossen habe.“",,2021
20413,"Jaqen H’ghar, Unbenannt",,,,„Valar Morghulis.“,,2021
20414,Leutnant der Sturmkrähen,,,,,,2021
20415,"Roose Bolton, Lord Egel",,,,"„Furcht ist es, was einen Mann in dieser Welt des Verrats und des Betrugs am Leben erhält.“",,2021
20416,Glückssucher,,,,,,2021
20417,Ruhmsucher,,,,,,2021-S02
20418,Offizier der Goldenen Kompanie,,,,,,2021-S03
20419,Lysenischer Bootsmann,,,,,,2021
20420,"Arya Stark, Prinzessin auf der Flucht",,,"*Darf nur in einer Armee aufgestellt
werden, die Sandor Clegane, Leibwächter auf der Flucht, enthält.*","Und an diesem Abend gab es einen
Namen weniger zu hassen.",,2021
20421,"Sandor Clegane, Leibwächter auf der Flucht",,,,"„Wenn ein Hund bösartig wird, liegt die Schuld bei seinem Herrn.“ – Ser Kevan Lennister",,2021
20422,"Rorge, Der irre Hund von Salzpfann",,,,"„Willst du eine Nase wie meine?
Wehr dich, und du bekommst eine!“",,2021
20423,"Beisser, Rorges irrer Hund",,,"*Darf nur in einer Armee aufgestellt
werden, die Rorge enthält.*","„Beißer kann nicht sprechen, und Beißer kann nicht schreiben, doch seine Zähne sind sehr scharf.“ – Jaqen H’ghar",,2021
20424,"Jokin, Hauptmann der Sturmkrähen",,,,„Die Sturmkrähen stehen nicht allein da.“ – Prendahl,,2021
20425,"Der Witwer, Hauptmann der Sturmkrähen",,,"*Darf nur in einer Armee aufgestellt werden, die Jokin, Hauptmann der Sturmkrähen, enthält.*","„Sturmkrähen stehen überhaupt
nicht.“ – Daenerys Targaryen",,2021
20426,"Jokin, Kommandant der Bogenschützen",,,,"„Fünfhundert Söldner, auf deren Treue man sich nicht verlassen kann.“ – Jorah Mormont",,2021
20427,"Der Witwer, Zweiter Kommandant",,,"*Darf nur in einer Armee aufgestellt werden, die Jokin, Kommandant der Bogenschützen, enthält.*","„Ich vertraue allen meinen Männern. Genau so weit, wie ich spucken kann.“ – Daario Naharis",,2021
20501,"Jeor Mormont, 997. Lord Kommandant",,,,"„Wenn tote Menschen einen bei Nacht verfolgen, glaubst du, dass es da noch wichtig ist, wer auf dem Eisernen Thron sitzt?“",,2021-S03
20502,"Jon Schnee, 998. Lord Kommandant",,,,"„Der Angst braucht man sich nicht zu schämen, hat mein Vater mich gelehrt, was zählt, ist, wie wir ihr entgegentreten.“",,2021-S02
20503,"Jon Schnee, „Lord Schnee“",,,,"Die einzigen Götter, die sie wirklich verehrten, waren Ehre und Pflicht.",,2021-S02
20504,Hauptmann der Wache,,,,,,2021-S02
20505,Anwerber der Wache,,,,,,2021
20509,"Allisar Thorn, Waffenmeister",,,,"„Wenn der Winter kommt, sterbt ihr wie die Fliegen.“",,2021-S03
20510,"Allisar Thorn, Rachsüchtiger Aufseher",,,,"„Ich habe tote Männer gesehen, die mehr Humor hatten als Euer Ser Allisar.“ – Tyrion Lennister",,2021
20511,"Donal Noye, Verteidiger der Schwarzen Festung",,,,„Ein einarmiger Schmied hat Mag den Mächtigen erschlagen? Har! Den Kampf hätte ich gern gesehen.“,,2021
20512,"Grenn, Auerochse",,,,„Grenn ist der Hässliche.“ – Pypar,,2021-S03
20513,"Pypar, Affe",,,"*Pypar darf einer Einheit hinzugefügt werden, die Grenn enthält und dabei die üblichen Verstärkungsbeschränkungen ignorieren.*",„Du bist hässlicher als ich. Wenigstens habe ich keine Ohren wie eine Fledermaus.“ – Grenn,,2021
20514,"Qhorin Halbhand, Grauer Grenzer",,,,"„Warum legen wir sonst das Schwarz an, wenn nicht, um bei der Verteidigung des Reiches zu sterben?“",,S04
20516,"Othell Yarwyck, Aufklärer",,,,"„Wählt, wen ihr wollt, jedenfalls nicht mich.“",,2021
20517,Skorpion-Modifizierungen (Othell Yarwyck),,,"*Diese Karte darf nur zu deiner Armee hinzugefügt werden, falls sie zudem Othell Yarwyck enthält. Sie wird an eine befreundete Skorpion-Mannschaft der Baumeister angelegt. Du darfst die „Begrenzt“-Regel der Skorpion- Mannschaft der Baumeister ignorieren.*",,,2021
20518,Leitender Baumeister,,,,,,2021
20519,Abgehärteter Grenzer,,,,,,2021
20520,Marschall der Wache,,,Begrenzt: *Deine Armee darf maximal 2 Marschälle der Wache enthalten.*,,,2021
20521,Skorpion-Modifizierungen (Baumeister),,,"*Diese Karte darf nur zu deiner Armee hinzugefügt werden, falls sie zudem mindestens 1 Leitenden Baumeister enthält. Sie wird an eine befreundete Skorpion-Mannschaft der Baumeister angelegt.*",,,2021
20522,"Othell Yarwyck, Erster Baumeister",,,,„Nur wenige Männer haben so viel Wissen und Fähigkeiten wie der Erste Baumeister.“,,2021-S02
20523,"Benjen Stark, Wolf der Mauer",,,,„Die Nachtwache ist eine verschworene Bruderschaft. Wir haben keine Familien.“,,2021
20524,"Kalthand, Mysteriöses Reisegeleit",,,"*Darf nicht in einer Armee aufgestellt werden, die Benjen Stark enthält.*",„Sie haben ihn schon vor langer Zeit getötet.“,,2021-S02
20525,"Samwell Tarly, Sam der Töter",,,,„Ich habe mich auf die andere Seite der Mauer gewagt und mich im Kampf bewährt. Man nennt mich Sam den Töter.“,,2021
20526,"Kalthand, Einstige Krähe",,,"*Darf nicht in einer Armee aufgestellt werden, die Benjen Stark enthält.*","Totes Fleisch, trockenes Blut und ein leichter Hauch von Verwesung. Und nach Kälte. Überall nach Kälte.",,2021
20527,"Benjen Stark, Erster Grenzer",,,,"„Es gibt niemanden auf der Mauer, der den Verfluchten Wald besser kennt als Benjen Stark.“",,2021-S03
20528,"Cotter Peik, Bruder von den Eiseninseln",,,,"„... wenn Ihr das hier verpfuscht, werde ichEuch eigenhändig die Leber herausreißenund sie roh mit Zwiebeln essen.“",,2021
20529,"Yoren, Schroffer Rekrutierer",,,,"„Diesmal habe ich dreißig Männerund Knaben, die für die Mauerbestimmt sind ...“",,2021
20530,"Satin, Verwalter des Kommandaten",,,*Ignoriere die üblichenVerstärkungsbeschränkungen.*,"„Was immer Satin in Altsass getan habenmag, jetzt ist er unser Bruder ...“– Jon Snow",,2021-S02
20531,"Satin, Mutiger Rekrut",,,*Ignoriere die üblichenVerstärkungsbeschränkungen.*,"Nach einem halben Jahr in der Schwarzen Festungjedoch hatten seine Hände Schwielen ...Ob er allerdings den Mut hatte, sich demzu stellen, was auf sie zukam …",,2021
20532,"Eddison Tollett, Schwermütiger Edd",,,,"„Nachdem sie erst einmal herausgefunden haben,wie man ein totes Pferd lenkt, sind wirvermutlich als Nächste an der Reihe.Und ich gehöre bestimmt zu den Ersten.“",,2021-S03
20533,"Benjen Stark, Hinter der Mauer",,,,"„Benjen Stark habe ich seit drei Jahren nicht mehrgesehen. Und um bei der Wahrheit zu bleiben,habe ich ihn auch nicht vermisst.“ – Craster",,S04
20534,"Cotter Peik, Kommandant von Ostwacht",,,,„Cotter Peik hatte immer schon mehrMut als Verstand.“ – Manke Rayder,,2021
20535,"Ser Denys Mallister, Kommandant vom Schattenturm",,,,"„Lasst nicht zu, dass ich das beimeinem Tod bedauern muss.“",,2021-S02
20601,"Renly Baratheon, Der charismatische Erbe",,,,In dieser und auch in vielerlei anderer Hinsicht ähnelte Renly seinem Bruder Robert und unterschied sich gänzlich von Stannis.,,2021
20602,"Stannis Baratheon, Der rechtmäßige Erbe",,,,"„Könige haben keine Freunde, nur Untertanen und Feinde.“",,2021
20603,Adliger Hirschritter,,,,,,2021-S03
20604,Wachhauptmann,,,,,,2021-S01
20605,"Stannis Baratheon, Der einzig wahre König",,,,„Sein Anspruch ist der wahre … und er ist zutiefst gnadenlos.“ – Varys,,2021
20606,"Devan Seewert, Knappe des Königs",,,"Loyalität: **STANNIS BARATHEON**
*Deine Armee darf nie Einheiten oder Verstärkungen mit anderen Loyalitäten enthalten.*","„Du hast einen überaus klugen Vater, Devan.“ – Stannis Baratheon",,2021
20607,"Davos Seewert, Der Held vom Schwarzwasser",,,,"„Da kommt in mir der Wunsch auf, mehr Schmuggler in meinen Diensten zu haben. Und weniger Lords.“ – Stannis Baratheon",,2021-S02
20608,"Davos Seewert, Zwiebelritter",,,"Loyalität: **STANNIS BARATHEON**
*Deine Armee darf nie Einheiten oder Verstärkungen mit anderen Loyalitäten enthalten.*",„Ein Schmuggler muss die Menschen gut einschätzen können.“ – Stannis Baratheon,,2021
20609,"Andru Estermont, Wahrer Loyalist",,,"Loyalität: **STANNIS BARATHEON**
*Deine Armee darf nie Einheiten oder Verstärkungen mit anderen Loyalitäten enthalten.*",Selbst nach Schwarzwasser ist er dem einzig wahren König treu ergeben.,,2021
20610,"Andru Estermont, Der Erste der Männer des Königs",,,,„Die Loyalität der Estermonts gegenüber Stannis steht außer Frage.“,,2021
20611,"Renly Baratheon, Oberster Lehnsherr der Sturmlande",,,,In dieser und auch in vielerlei anderer Hinsicht ähnelte Renly seinem Bruder Robert und unterschied sich gänzlich von Stannis.,,2021-S03
20612,"Loras Tyrell, Der Ritter der Blumen",,,,"„Aber niemals werde ich Renly verraten, nicht durch Wort oder Tat.“",,2021-S02
20613,"Loras Tyrell, Knappe des Königs",,,"Loyalität: **RENLY BARATHEON**
*Deine Armee darf nie Einheiten oder Verstärkungen mit anderen Loyalitäten enthalten.*","„Ser Loras ist so sehr ein Tyrell, dass er Rosenwasser pisst.“ – Cersei Lennister",,2021-S02
20614,"Brienne, Die Blaue",,,"Loyalität: **RENLY BARATHEON**
*Deine Armee darf nie Einheiten oder Verstärkungen mit anderen Loyalitäten enthalten.*",„… Brienne wollte nur für ihn sterben.“ – Loras Tyrell,,2021
20615,"Eldon Estermont, Lord von Grünstein",,,,"Es braucht eine gewisse Gerissenheit, um sein Alter zu erreichen.",,2021-S02
20617,Rote Priesterin,,,"Loyalität: **STANNIS BARATHEON**
*Deine Armee darf nie Einheiten oder Verstärkungen mit anderen Loyalitäten enthalten.*",,,2021-S01
20618,Hauptmann der Pikeniere,,,"Loyalität: **RENLY BARATHEON**
*Deine Armee darf nie Einheiten oder Verstärkungen mit anderen Loyalitäten enthalten.*",,,2021
20619,Wache der Dornen-Garde,,,"Loyalität: **RENLY BARATHEON**
*Deine Armee darf nie Einheiten oder Verstärkungen mit anderen Loyalitäten enthalten.*",,,2021
20620,Adliger von Drachenstein,,,"Loyalität: **STANNIS BARATHEON**
*Deine Armee darf nie Einheiten oder Verstärkungen mit anderen Loyalitäten enthalten. Deine Armee darf maximal 2 Adlige von Drachenstein enthalten.*",,,2021
20621,"Axell Florent, Fanatischer Anhänger",,,"Loyalität: **STANNIS BARATHEON**
*Deine Armee darf nie Einheiten oder Verstärkungen mit anderen Loyalitäten enthalten.*","„Ein Land, ein Gott, ein König!“",,2021
20622,"Axell Florent, Der Erste der Männer der Königin",,,,„Stannis Baratheon wird auf dem Eisernen Thron sitzen. Ich habe es gesehen.“,,2021
20623,"Cortnay Fünfrosen, Loyaler Taktiker",,,"Loyalität: **RENLY BARATHEON**
*Deine Armee darf nie Einheiten oder Verstärkungen mit anderen Loyalitäten enthalten.*",„Mögen sich die Anderen mit Eurem Herrn des Lichts vergnügen.“,,S04
20624,"Cortnay Fünfrosen, Kastellan von Sturmkap",,,,„Ein starrköpfiger Mann.“ – Davos Seewert,,S04
20625,"Stannis Baratheon, König der Mauer",,,,"„Gold ist kalt und ruht schwer auf dem Kopf, aber solange ich der König bin, obliegt mir eine Pflicht …“",,2021
20626,"Bryn Farring, Knappe des Königs",,,"Loyalität: **STANNIS BARATHEON**
*Deine Armee darf nie Einheiten oder Verstärkungen mit anderen Loyalitäten enthalten.*","„Knappen verwahren Mäntel, Schwerter und Geheimnisse.“",,2021
20627,"Justin Massie, Gerissener Gefolgsmann",,,"Loyalität: **STANNIS BARATHEON**
*Deine Armee darf nie Einheiten oder Verstärkungen mit anderen Loyalitäten enthalten.*",„Ich persönlich würde lieber noch bis zum nächsten Frühling leben.“,,2021-S03
20628,"Justin Massie, Der Lächler",,,,„Du musst es nicht verstehen. Nur gehorchen.“ – Stannis Baratheon,,2021
20629,"Dael Seewert, Kapitän der Gespenst",,,"Loyalität: **STANNIS BARATHEON**
*Deine Armee darf nie Einheiten oder Verstärkungen mit anderen Loyalitäten enthalten.*","„Ich habe versucht, als Vater für meine Söhne da zu sein, damit sie ihren Platz in dieser Welt finden.“ – Davos Seewert",,2021-S02
20630,"Renly Baratheon, König des Südens",,,,"„Wen wundert es, dass sich die Lords mit solcher Leidenschaft um ihn versammeln; er ist der wiedergeborene Robert.“ – Catelyn Stark",,2021
20631,"Loras Tyrell, Lord Kommandant der Regenbogengarde",,,"Loyalität: **RENLY BARATHEON**
*Deine Armee darf nie Einheiten oder Verstärkungen mit anderen Loyalitäten enthalten.*",„Ser Loras ist unter all seinen Blumen und all seiner Pracht ebenso heißblütig wie Jaime Lennister.“ – Petyr Baelish,,2021
20632,"Bryk Caron, Bryk der Orange",,,"Loyalität: **RENLY BARATHEON**
*Deine Armee darf nie Einheiten oder Verstärkungen mit anderen Loyalitäten enthalten.* / *Darf nicht in einer Armee aufgestellt werden, die die Einheit Regenbogengarde enthält.*","„Warum sind sie nicht bei Euch, jene, die Renly am meisten liebten?“ – Ser Cortnay Fünfrosen",,2021-S03
20633,"Brienne, Regenbogengarde",,,"Loyalität: **RENLY BARATHEON**
*Deine Armee darf nie Einheiten oder Verstärkungen mit anderen Loyalitäten enthalten.*","„Man fühlt sich nicht so hilflos, wenn man kämpft.“",,S04
20634,"Parmen Kranich, Parmen der Purpurne",,,"Loyalität: **RENLY BARATHEON**
*Deine Armee darf nie Einheiten oder Verstärkungen mit anderen Loyalitäten enthalten.* / *Darf nicht in einer Armee aufgestellt werden, die die Einheit Regenbogengarde enthält.*","Unterschätzt nicht seine Zähheit, nur weilPurpurpflaumen auf seinem Mantel prangen.",,2021
20635,"Emmon Cuy, Emmon der Gelbe",,,"Loyalität: **RENLY BARATHEON**
*Deine Armee darf nie Einheiten oder Verstärkungen mit anderen Loyalitäten enthalten.* / *Darf nicht in einer Armee aufgestellt werden, die die Einheit Regenbogengarde enthält.*","„Fort von ihm, abscheuliches Geschöpf!“",,2021
20636,"Robar Rois, Robar der Rote",,,"Loyalität: **RENLY BARATHEON**
*Deine Armee darf nie Einheiten oder Verstärkungen mit anderen Loyalitäten enthalten.* / *Darf nicht in einer Armee aufgestellt werden, die die Einheit Regenbogengarde enthält.*","„Der zweitgeborene Sohn muss die Ehre suchen, wo er sie finden kann. Eines Tages ist man die Turniere leid.“",,2021
20637,"Guyard Morrigen, Guyard der Grüne",,,"Loyalität: **RENLY BARATHEON**
*Deine Armee darf nie Einheiten oder Verstärkungen mit anderen Loyalitäten enthalten.* / *Darf nicht in einer Armee aufgestellt werden, die die Einheit Regenbogengarde enthält.*","Er wünschte sich nichts mehr, als Kommandant der Vorhut zu sein.",,2021
20701,"Khal Drogo, Der große Khal",,,,„Die Dothraki folgen nur den Starken.“,,2021-S02
20702,"Jorah Mormont, Taktiker aus Westeros",,,,"„Ich schwöre, dass ich Euch dienen will, dass ich Euch folgen will, dass ich gar für Euch sterben will, sollte es das Schicksal fordern.“",,2021
20703,"Jorah Mormont, Der verbannte Ritter",,,,"„Ich tat Dinge, für die ich mich heute schäme … Am Ende verlor ich alles.“",,2021-S03
20704,Ko der Schreier,,,*Darf nur Targaryen-Einheiten verstärken.*,,,2021
20705,Ko der Vorreiter,,,*Darf nur Targaryen-Einheiten verstärken.*,,,2021
20706,Offizier der Unbefleckten,,,,,,2021-S02
20707,"Barristan Selmy, Der Kühne",,,,"„Ich bin ein Ritter, und als Ritter will ich sterben.“",,2021-S02
20708,"Belwas, Erfahrener Arenakämpfer",,,,"„Ein schlechter Kampf, aber ein guter Tod. Der Starke Belwas mag es nicht, wenn sie schreien.“",,S04
20709,"Jorah Mormont, Reumütiger Verräter",,,"*Jorah darf nur eine Einheit verstärken, die Daenerys Targaryen enthält. Ignoriere die üblichen Verstärkungsbeschränkungen.*","„Er hat mich belogen, hat mich ausspioniert, aber er hat mich auch geliebt, und er hat mir stets weisen Rat gegeben.“ – Daenerys Targaryen",,2021-S03
20710,"Jorah Mormont, Der Andale",,,,"„In jedem Mann steckt ein wildes Tier, und wenn Ihr einem Mann ein Schwert oder einen Speer in die Hand drückt und ihn in den Krieg schickt, regt sich dieses Tier in ihm.“",,2021-S03
20711,"Belwas, Der Starke",,,,"„Ich gestatte jedem Mann einen Schnitt, bevor ich ihn töte. Zählt die Schnitte, und Ihr wisst, wie viele der Starke Belwas schon erschlagen hat.“",,2021-S03
20712,"Grauer Wurm, Heerführer der Unbefleckten",,,,"„Ich schließe nicht Frieden mit den Feinden der Königin, ich töte die Feinde der Königin.“",,2021
20713,"Grauer Wurm, Vom Drachen befreit",,,,"„Den Namen Grauer Wurm hingegen trug dieser hier an dem Tag, an dem Daenerys Sturmtochter ihn in die Freiheit entließ.“",,2021
20714,"Daenerys Targaryen, Mutter der Drachen",,,,"„Ich bin das Blut des Drachen. Und wenn sie Ungeheuer sind, dann bin ich auch ein Ungeheuer.“",,2021-S02
20715,"Daenerys Targaryen, Königin von Meereen",,,,"„Wozu machen die Götter Menschen zu Königen und Königinnen, wenn nicht, um diejenigen zu beschützen, die sich nicht wehren können?“",,2021-S03
20716,"Daario Naharis, Rücksichtsloser Söldner",,,,"„Für mich gilt ein Tag nicht als richtig gelebt, wenn ich nicht eine Frau geliebt, einen Feind getötet und ein gutes Mahl genossen habe.“",,2021
20717,"Daario Naharis, Hauptmann der Sturmkrähen",,,,"„Er hat das Gewissen eines Söldners, also gar keins.“ – Daenerys Targaryen",,2021
20718,Leutnant der Sturmkrähen,,,,,,2021
20719,"Rakharo, Blutreiter",,,,"„So soll es sein, Blut von meinem Blut.“",,2021
20720,"Qotho, Blutreiter",,,"*Darf nicht in einer Armee aufgestellt werden, die die Einheit „Drogos Blutreiter“ enthält.*","„Die Dothraki sagen, ein Mann und seine Blutreiter teilten ihr Leben ...“ –Ser Jorah Mormont",,2021
20721,"Cohollo, Blutreiter",,,"*Darf nicht in einer Armee aufgestellt werden, die die Einheit „Drogos Blutreiter“ enthält.*","Sie seien die Brüder des Khal, seine Schatten, seine wildesten Freunde.",,S04
20722,"Haggo, Blutreiter",,,"*Darf nicht in einer Armee aufgestellt werden, die die Einheit „Drogos Blutreiter“ enthält.*","„Blut von meinem Blut“, nannte Drogo sie, und das waren sie auch. Sie teilten dasselbe Leben.",,2021-S01
20723,"Mirri Maz Duur, Verbitterte Heilerin",,,*Ignoriere die üblichen Verstärkungsbeschränkungen.*,„Ihr kanntet den Preis.“,,2021
20724,"Marselen, Hauptmann der Unbefleckten",,,,"„Ihre Disziplin macht sie gefährlich …“ 
– Tyrion Lennister",,2021
20725,"Skahaz Mo Kandaq, Unbarmherziger Ghiscari",,,,"„Der Schurschädel würde sie lieber an
Eure Drachen verfüttern, heißt es.“
– Galazza Galare",,2021
20726,"Skahaz Mo Kandaq, Der Schurschädel",,,,"„Obwohl wir Eure Altmännerehre bereuen werden,
ehe dieses Spiel vorüber ist, glaube ich.“
– Skahaz zu Barristan Selmy",,2021
20727,"Marselen, Heerführer der Männer der Mutter",,,,„Die Unbefleckten besitzen etwas Besseres als Kraft ... Sie besitzen Disziplin.“ – Kraznys mo Nakloz,,2021-S03
20728,Hauptmann der Messingtiere,,,,,,2021
20801,"Asha Graufreud, Die Tochter des Kraken",,,,„Schließlich bin ich Balons leiblicher Erbe.“,,2021-S03
20802,"Asha Graufreud, Kapitänin der Schwarzer Wind",,,,"„Kein Kampf ist hoffnungslos, ehe er ausgetragen wurde.“",,2021-S03
20803,"Victarion Graufreud, Der Eiserne Kapitän",,,,"„Ich könnte mit der Eisernen Flotte in die Hölle segeln, wenn es sein müsste.“",,S04
20804,"Victarion Graufreud, Kapitän der Eiserner Sieg",,,,"„Zauberer sind gut und schön, Kriege hingegen gewinnt man mit Blut und Stahl.“",,2021-S03
20805,Hauptmann der Plünderer,,,*Deine Armee darf maximal 2 Hauptmänner der Plünderer enthalten. Darf nur Graufreud-Einheiten verstärken. Ignoriere die üblichen Verstärkungsbeschränkungen.*,,,2021-S02
20806,Kriegsgeschworener,,,,,,2021
20807,"Theon Graufreud, Sippenmörder",,,,"„Der Mantel, in den mein Vater mich gehüllt hat, trug einen Kraken, keinen Schattenwolf.“",,2021-S03
20808,"Theon Graufreud, „Prinz“ von Winterfell",,,,"„Euer Hoher Vater hat getan, was er konnte, um Theon ein bisschen Sanftmut beizubringen, aber ich fürchte, es war zu wenig oder es kam zu spät.“ – Maester Luwin",,2021-S03
20809,"Qarl, Ashas Recke",,,"*Diese Verstärkung ignoriert die üblichen Verstärkungs-Beschränkungen, wenn sie an eine Einheit angelegt wird, die Asha Graufreud enthält.*","„Wenn Euch der Schatten so gut gefallen hat, geht doch wieder dorthin zurück.“ – Qarl zu Euron Graufreud",,2021-S02
20810,"Qarl, Die Jungfrau",,,,"... einerseits, um ihn von Qarl dem Hirten, Qarl Flinkaxt und Qarl dem Hörigen zu unterscheiden, aber vor allem wegen seiner glatten Wangen.",,2021-S02
20811,"Nut, Der Barbier",,,,"„Ruhm ist gut, Gold ist besser.“",,S04
20812,"Euron Graufreud, Lord Schnitter von Peik",,,,"„Balon war wahnsinnig, Aeron ist wahnsinniger, und Euron ist mit Abstand der Wahnsinnigste.“ – Victarion Graufreud",,2021
20813,"Balon Graufreud, Der Krakenkönig",,,,"„Ich zahle den eisernen Preis. Ich nehme mir meine Krone, wie es Urron Rothand vor fünftausend Jahren tat.“",,2021-S03
20814,"Euron Graufreud, Krähenauge",,,,"„Ich bin der Sturm, Mylord. Der erste Sturm und der letzte.“",,2021-S03
20815,"Erik Eisenmacher, Ambossbrecher",,,,"„König Erik, ja, es gefällt mir, wie das klingt. Kommt und sagt es mit mir: ERIK! ERIK AMBOSSBRECHER! ERIK KÖNIG!“",,2021-S03
20816,"Asha Graufreud, „Lady Graufreud“",,,,"„Ich bin Asha aus dem Hause Graufreud, ja. Die Meinungen darüber, ob ich eine Lady bin, gehen allerdings auseinander.“",,2021
20817,"Dagmer Spaltkinn, Kapitän der Gischttrinker",,,,"Sein Haar ist weiß, seine Zähne sind verfault, aber für den Ruhm ist er noch immer zu haben.",,S04
20818,"Baelor Schwarzfluth, Kapitän der Nachtflieger",,,,„Nennt ihn Balon den Witwenmacher. Ich würde seine Freiheit gern gegen einen Vater tauschen. Könnt Ihr mir einen geben?“,,2021-S03
20819,"Moqorro, Sklave von R’hllor",,,,"„Der Herr des Lichts hat mir Euren Wert gezeigt, Lord Kapitän. Jede Nacht kann ich in meinen Feuern den Ruhm sehen, der Euch erwartet.“",,2021
20820,"Baelor Schwarzfluth, Lord von Schwarzfluth",,,,„Lord Schwarzfluth hält dieses Königsthing für eine gefährliche Torheit.“ – Rodrik Harlau,,2021-S02
20821,"Dagmer Spaltkinn, Waffenmeister",,,,"„Die Lebenden sollten lächeln, denn die Toten können es nicht mehr.“",,2021
20822,Prophet der Ertrunkenen,,,,,,2021-S03
20823,Held vom Meer der Abenddämmerung,,,,,,2021
20901,"Oberyn Martell, Prinz von Dorne",,,,"„Der Mann ist berüchtigt, und nicht nur dafür, sein Schwert zu vergiften.“ – Jaime Lennister",,2021-S03
20902,"Oberyn Martell, Die Rote Viper",,,,„Das da werde ich töten.“,,2021-S03
20903,"Areo Hotah, Hauptmann der Wache",,,"*Areo Hotah, Hauptmann der Wache, darf nur in einer Armee aufgestellt werden, die Doran Martell, Lord von Sonnspeer, enthält.*","„Mein Fürst befiehlt, und Hotah gehorcht.“",,2021
20905,"Areo Hotah, Pflichtbewusster Riese",,,,Diene. Gehorche. Beschütze. EinfacheGelübde für einfache Männer.,,2021
20906,Hauptmann der Derwische,,,,,,2021
20907,Hauptmann der Speerträger,,,,,,2021-S03
20908,Speerlord,,,,,,2021
20909,"Obara Sand, Älteste Schwester",,,,"„Gebt mir meinen Speer zurück, Onkel.“",,2021
20910,"Obara Sand, Sandschlange",,,,"„Sie jagt etwas hinterher, das sie niemals erreichen wird.“ – Areo Hotah",,2021
20911,"Nymeria Sand, Sandschlange",,,,"„Es endet mit Blut, so wie es mit Blut begonnen hat.“",,2021
20912,"Elia Sand, Sandschlange",,,,„Ladys nehmen nicht an Turnieren teil.“„Ich nehme an Turnieren teil. Ich bin Lady Lanze.“ – Garibald und Elia Sand,,2021
20913,"Harmen Uller, Dornischer Gesandter",,,,"„Dorne besteht aus Sand und Skorpionen und kahlen roten Bergen, die in der Sonne glühen.“ – Reznak mo Reznak",,2021
20914,"Harmen Uller, Lord von Höllhain",,,,„Ich werde Myrcella in Höllhain krönen und dort meine Banner aufstellen.“ – Arianne Martell,,2021-S03
20915,"Arys Eichenherz, Der weisse Ritter",,,,"„Arys, mein Süßer, mein weißer Ritter, warum hast du das nur getan?“ – Arianne Martell",,2021
20916,"Quentyn Martell, Prinz von Dorne",,,*Ignoriere die üblichen Verstärkungsbeschränkungen.*,„Dies wird mein großes Abenteuer.“,,2021-S02
20917,"Gerold Dayn, Ritter von Hochklause",,,,„Ich gehöre der Nacht.“,,2021
20918,"Edric Dayn, Lord von Sternfall",,,*Ignoriere die üblichen Verstärkungsbeschränkungen.*,Ein höflicher junger Bursche.,,2021
20919,"Daemon Sand, Bastard von Göttergnad",,,,„Der Mann war so selbstgefällig wie hübsch.“ – Arianne Martell,,2021
20920,"Daemon Sand, Rachsüchtiger Ritter",,,,„Warum hat mein Vater von allen Rittern in Dorne diesen hier zu meinem Schutz bestimmt?“ – Arianne Martell,,2021
20921,"Gerold Dayn, Dunkelstern",,,,„Ich wurde mit Gift von der Mutterbrust entwöhnt.“,,2021
20922,Wache von Hochklause,,,,,,2021
21001,"Ramsay Schnee, Gehässiger Erbe",,,,"„Schnee hat mich mein Weib genannt, bevor sie ihre eigenen Finger gefressen hat, aber ich sage Bolton.“",,2021
21002,"Roose Bolton, Lord von Grauenstein",,,,"„Furcht ist es, was einen Mann in dieser Welt des Verrats und des Betrugs am Leben erhält.“",,2021
21003,"Ramsay Schnee, Sadist",,,,"„... ein nackter Mann hat wenig Geheimnisse, aber ein gehäuteter Mann hat gar keine mehr.“",,2021
21004,"Theon Graufreud, Stinker",,,"*Darf nur in einer Armee aufgestellt werden, die Ramsay Schnee enthält, und muss seine Einheit verstärken. Ignoriere die üblichen Verstärkungsbeschränkungen.*","„Ich bin nicht er, bin nicht der Abtrünnige, er ist in Winterfell gestorben. Mein Name ist Stinker.“",,2021-S01
21005,Hauptmann von Grauenstein,,,,,,2021
21006,Schinder von Haus Bolton,,,,,,2021
21007,"Ben Knochen, Hundeführer",,,"*Senke die Kosten dieser Verstärkung um 1, falls sie eine Mädchen-des-Bastards-Einheit verstärkt.*","„Wenn sie ihm eine gute Jagd liefern, benennt
er vielleicht die Hündinnen in seinem nächsten
Wurf nach ihnen.“ – Theon Graufreud",,2021
21008,"Damon Tanz-für-mich, Bursche des Bastards",,,"*Die erste Bursche-des-Bastards-Verstärkung, die du deiner Armee hinzufügst, ist kostenlos.*","„Lord Ramsay hat vor, dir die Lippen abzuschneiden, wenn das alles hier vorbei ist.“",,2021
21009,"Häuter, Bursche des Bastards",,,"*Die erste Bursche-des-Bastards-Verstärkung, die du deiner Armee hinzufügst, ist kostenlos.*","Kein Schmerz, den Theon je erlebt hatte, kam auch nur in die Nähe dessen, was Häuter mit seinem kleinen Flensmesser anrichten konnte.",,2021
21010,"Grunzer, Bursche des Bastards",,,"*Die erste Bursche-des-Bastards-Verstärkung, die du deiner Armee hinzufügst, ist kostenlos.*","Grunzer hatte keine Zunge, und der Saure Alyn hatte keinen Verstand, sagte Lord Ramsay immer.",,2021
21011,"Saurer Alyn, Bursche des Bastards",,,"*Die erste Bursche-des-Bastards-Verstärkung, die du deiner Armee hinzufügst, ist kostenlos.*","Grunzer hatte keine Zunge, und der Saure Alyn hatte keinen Verstand, sagte Lord Ramsay immer.",,2021
21012,"Stahlbein Walton, Erbarmungsloser Soldat",,,,"… er war unverblümt, schroff und brutal, im Herzen ein einfacher Soldat.",,2021
21013,"Stahlbein Walton, Hauptmann der Wache",,,,„Stahlbein nennt man ihn. Ein Soldat von eiserner Treue.“ – Roose Bolton,,2021
20119,"Jaime Lennister, Verstümmelte GeIsel",,,*Verstärke vor der Aufstellung eine feindliche Infanterie-Einheit mit Jaime. Ignoriere die üblichen Verstärkungsbeschränkungen.*,"Was sie ihm antaten, war unsagbar grausam.",,2021
20122,Verräter,,,*Verstärke nach der Aufstellung eine feindliche Infanterie-Einheit mit dieser Figur. Ignoriere die üblichen Verstärkungsbeschränkungen.*,,,2021
20221,"Jaqen H’ghar, Geheimnisvoller Gefangener",,,"*Darf nur in einer Armee aufgestellt werden, die Arya Stark enthält. Verstärke vor der Aufstellung eine feindliche Infanterie-Einheit mit Jaqen. Ignoriere die üblichen Verstärkungsbeschränkungen.*","„Sag die Namen, und der Mann wird den Rest erledigen.“",,2021
20327,"Manke Rayder, Abel der Barde",,,*Verstärke vor der Aufstellung eine feindlicheInfanterie-Einheit mit Manke. Ignoriere dieüblichen Verstärkungsbeschränkungen.*,"„Ich kenne alle schmutzigen Lieder,die je gesungen wurden, ob südlichoder nördlich der Mauer.“",,2021
20330,Varamyrs Adler,,,*Diese Figur kann nur durch die Fähigkeit „Meisterhafter Leibwechsler“ einer Armee hinzugefügt werden.*,,,2021