Id,Translated Name,Attack 1,Attack 2,Requirement,Quote,Lore,Version
10101,Gardes Lannister,Épée Longue,,,,"Les Lannister sont notoirement riches,et l’influence de leur fortune se fait sentir jusque dans les rangs de la piétaille. Leur infanterie bénéficie d’un avantage au combat grâce aux lourdes armures et aux boucliers en acier dont elle est équipée, ce qui lui procure un sentiment d’invincibilité. La plupart des ennemis de la Maison Lannister se révèlent incapables de percer des lignes aussi robustes.",2021
10102,Hallebardiers Lannister,Hallebarde,,,,"Bien qu’ils soient capables de mener des assauts de front, les Hallebardiers Lannister excellent dans les formations et les positions défensives. Un ennemi qui charge une ligne de Hallebardiers retranchés prend un risque considérable. Il faut toutefois savoir les protéger des attaques de flanc ou des tirs ennemis mais, lorsqu’ils sont employés à bon escient, les Hallebardiers peuvent faire des ravages.",2021-S02
10103,Hommes de la Montagne de la Maison Clegane,Lames de Soudard,,,,"Brutaux, sauvages, cruels et féroces, les Hommes de la Montagne sont prêts à toutes les bassesses au combat. Ils ne connaissent aucune pitié. Ceux qui fuient sont massacrés. Ceux qui se rendent sont exécutés. Leur spécialité consiste à attaquer des troupes ennemies déjà engagées et d’écraser toute volonté de résistance. Celui qui les commande devra cependant veiller à garder ces brutes épaisses en laisse.",2021-S03
10104,Pyromanciens,Feu Grégeois,Feu Grégeois,,,"Les Pyromanciens de la Guilde des Alchimistes manient l’arme la plus terrible et la plus dévastatrice de la Maison Lannister : le Feu Grégeois. Appelé également « la substance », le Feu Grégeois est un liquide vert doté d’un énorme potentiel de destruction. Du fait de sa haute volatilité, transporter et utiliser la substance se révèle extrêmement délicat. Cependant, aucune unité constituée d’hommes mortels ne saurait résister à son pouvoir ravageur. Même la plus solide des armures est inutile contre ces flammes collantes et pernicieuses.",2021-S03
10105,Chevaliers de Castral Roc,Lance,,,,"Équipés du matériel le plus coûteux qui soit et entraînés à la perfection, les Chevaliers de Castral Roc offrent à la bannière du Lion une rapidité et une force de frappe inégalées. Rares sont les ennemis suffisamment équipés pour encaisser la charge de ces mastodontes lourdement blindés. Plus rares encore sont ceux qui peuvent espérer surpasser leur vitesse. Face à une infanterie déterminée, un commandant avisé veillera à ce qu’ils ne s’enlisent pas dans la mêlée.",2021-S01
10106,Arbalétriers Lannister,Arbalète,Épée Courte,,,"Les Arbalétriers sont plus faciles à former que leurs homologues plus archaïques. Pourtant, l’arbalète elle-même est plus coûteuse à fabriquer et à entretenir, en particulier sur un champ de bataille. Même avec un entraînement minimal, les Arbalétriers peuvent tirer avec précision et percer une armure lourde, y compris sous la pression d’une charge directe. Toutefois, aucun général Lannister digne de ce nom ne s’aviserait de placer ses Arbalétriers à proximité d’une mêlée !",2021-S01
10107,"Gregor Clegane, La Montagne à Cheval",Équarrissage,,,« Comment espérer vaincre un tel monstre ? ». – Petyr Baelish,"Ser Gregor Clegane est un géant parmi les hommes. Quelqu’un d’aussi colossal se doit d’avoir une monture qui l’est tout autant. Pourtant, même le palefroi le plus imposant fait figure de poney lorsqu’il est chevauché par la Montagne. Les unités placées sous le commandement de Clegane frappent avec la force d’une avalanche, ne laissant que destruction dans leur sillage. La Montagne est une arme vivante, faite de muscles et d’acier, qui ne connaît pas la moindre pitié.",2021
10108,Les Fils du Guerrier,Lame Ointe,,,,"Bien nés ou anoblis, les Fils du Guerrier tous sont issus du milieu de la chevalerie et mettent leur talent au service des Sept. Armés de lames étincelantes, équipés d’armures lourdes et confortés par une foi inébranlable, les Fils du Guerrier peuvent prendre ou tenir n’importe quel objectif. C’est dans l’adversité que les Fils du Guerrier donnent le meilleur d’eux-mêmes, notamment lorsque tout semble définitivement perdu.",2021
10109,Pauvres Hères,Gourdin,,,,"Les Pauvres Hères ne portent pas d’armure et sont équipés d’armes de fortune, pourtant, il faudrait être un général stupide pour ne pas les accepter dans ses rangs. Soutenus par leur nombre et leur foi inébranlable dans les Sept, ils combattent là où des hommes moins pieux tourneraient les talons. Leur fanatisme leur permet de tenir le front envers et contre tout ou de se lancer à l’assaut d’un ennemi apparemment invincible !",2021-S01
10110,Garde Royale,Lame de Maître,,"*Ne peut être recrutée que dans une armée qui comprend 'Joffrey Baratheon, Premier du Nom'. Vous ne pouvez pas inclure Jaime Lannister. Joffrey doit être attaché à cette unité.*",,"De toutes les troupes qui participent à la Guerre de Cinq Rois, la Garde Royale est la mieux équipée et la plus expérimentée. Outre les faiblesses inhérentes à toutes les infanteries lourdes en cas d’encerclement, la Garde doit traîner son propre boulet : le Roi Joffrey Baratheon. Pourtant, même si elle n’est composée que de sept hommes, la Garde Royale est largement capable d’affronter des unités trois fois plus importantes, en attaque comme en défense.",S04
10111,Manteaux Rouges,Épée Longue,,,,"Les Manteaux Rouges forment une unité d’élite et représentent le bras armé de la Maison Lannister à Port-Réal. Leur rôle est de maintenir la population sous contrôle par l’intimidation, la peur et l’épée. Ils se distinguent non seulement par leurs manteaux pourpres, mais également par leurs armures de demi-plates, aussi finement ouvragées que leur production de masse le permet. Les Manteaux Rouges constituent une infanterie moyenne solide et font partie des troupes Lannister les mieux payées.",2021-S01
10112,Brigands de la Maison Clegane,Armes Brutales,,,,"Alors que la plupart des assauts de cavalerie sont déjà bien assez violents, les bandes de brigands montés de Gregor Clegane poussent la brutalité au-delà de toutes limites. Écraser les rangs ennemis de flanc ou de dos ne leur suffit pas. Pour ceux qui rejoignent les rangs de Clegane, une arme qui mutile ou brise est toute aussi bonne qu’une arme qui tue rapidement et efficacement. Pourtant, malgré leur redoutable réputation, les Brigands ne recherchent pas le combat équitable.",2021-S02
10113,Guet de Port-Lannis,Lance,,,,"Défenseurs du siège du pouvoir de la Maison Lannister, Les hommes du Guet de Port-Lannis sont aussi bien armés et protégés (si ce n’est mieux) que la plupart des unités de première ligne engagées dans la Guerre des Cinq Rois. Ils ne bénéficient toutefois pas de l’expérience des troupes régulières, et ne sont pas adaptés pour tenir l’avant-garde ou encaisser une charge de cavalerie trop violente. Malgré tout, lorsqu’ils sont en nombre suffisant et correctement soutenus, ils constituent une unité auxiliaire de qualité, qui se révèle à la fois efficace et dangereuse.",S04
10114,Garde d'Honneur de Castral Roc,Oppression Lannister,,,,"L’immense château de Castral Roc qui domine Port-Lannis constitue le symbole de la suprématie des Lannister. Son gardien, la célèbre Garde d’Honneur de Castral Roc, représente tout autant la puissance inébranlable de la Maison Lannister. Équipés d’armures de plates luxueuses, les hommes de la Garde d’Honneur sont des fantassins lourds entraînés à faire face à toute menace locale. Ils sont aptes à tenir leur position et à exploiter les faiblesses de l’ennemi au fur et à mesure qu’elles se révèlent.",2021-S03
10115,Manteaux d'Or,Gourdin,,,,"Port-Réal est généralement considéré comme un endroit sûr, notamment grâce aux célèbres Manteaux d’Or, qui patrouillent les avenues et ruelles avec zèle en faisant régner la justice d’une main de fer. Toutefois, la justice en question est celle des Lannister, maîtres incontestés de Port-Réal, et les Manteaux d’Or ont prêté allégeance au Trône de Fer. Diffamez le Roi à vos risques et périls.",2021
10116,Freux,Armes de Récupération,,Personnage : *Ne peut être recruté que dans une armée qui comprend Tyrion Lannister. Celui-ci peut être attaché gratuitement à cette unité.*,,"Si l’on excepte leur étonnante loyauté, les Freux de Tyrion Lannister ne sont guère différents des autres tribus montagnardes et des pillards ordinaires. Bien qu’ils soient plus attachés à la fortune de Tyrion qu’à sa propre personne, ils ont su rester fidèles, même lorsque la trahison aurait constitué une option plus lucrative. En tant que mercenaires, ces troupes se révèlent tout à fait rentables si elles sont employées en tant qu’éclaireurs ou pour harceler les flancs ennemis. Leur équipement léger ne leur permet pas de soutenir un engagement prolongé en première ligne.",2021
10201,Épées Liges Stark,Morsure de l'Hiver,,,,"Les Épées Liges forment les fondations sur lesquelles les généraux de la Maison Stark bâtissent leur stratégie. Courageux, compétents et d’une loyauté sans faille envers la bannière du Loup-Garou, les Épées Liges préfèrent périr jusqu’au dernier plutôt que d’abandonner leurs frères au combat. Leurs armes et leurs armures ne rivalisent peut-être pas avec celles des Maisons plus fortunées, mais ces hommes savent qu’un guerrier ne se juge pas qu’à la qualité de son équipement.",2021-S01
10202,Cavaliers Stark,Lame de Cavalerie,,,,"Bien qu’ils ne soient pas équipés pour de longs corps à corps, les Cavaliers de la Maison Stark se retrouvent rarement en mauvaise position. Ils se caractérisent par une mobilité sans pareille, grâce à leurs armures légères et leurs chevaux non bardés, entraînés à conserver leur calme et à galoper. À l’instar de la plupart des troupes légères, les Cavaliers sont vulnérables aux flèches, ce qui fait des archers leur proie naturelle. Ils peuvent fondre sur eux et balayer leurs rangs en un éclair.",S04
10203,Berserkers de la Maison Omble,Haches de Berserkers,,,,"Les Berserkers sont spécialisés dans les manœuvres de flanc, les charges dévastatrices et la poursuite des ennemis en déroute. Un général avisé saura ne pas trop leur lâcher la bride afin qu’ils ne se retrouvent pas submergés. Les Berserkers sont cependant des guerriers chevronnés qui s’abandonnent rarement à leur soif de sang. Que l’ennemi craigne l’acier froid 6 et la fureur des hommes du Nord !",S04
10204,Vent Gris,Griffes et Crocs,,*Ne peut être recruté que dans une armée qui comprend Robb Stark.*,,"Là où les loups ordinaires peuvent être effrayants, le Loup-Garou connu sous le nom de Vent Gris est absolument terrifiant ! Plus rapide qu’un fantassin et presque autant qu’une monture, Vent Gris utilise son instinct pour se rendre là où on a besoin de lui sur le champ de bataille. Bien qu’il soit redoutable au combat, c’est le vent de panique qu’il répand dans son sillage qui procure un indéniable avantage tactique.",2021
10205,Archers Stark,Volée de Flèches,Épée Courte,,,"Les chasseurs, bûcherons et hommes des bois des rudes terres du Nord servent souvent sous la bannière de leurs seigneurs, mais quand le Loup-Garou est en marche, il est soutenu par de nombreux archers d’une dextérité incomparable. D’une efficacité réduite à courte portée et extrêmement vulnérables en corps à corps ou face à une charge de cavalerie, les archers de la Maison Stark peuvent immobiliser, voire complètement éradiquer les forces ennemies situées à longue portée.",2021-S03
10206,Boucliers Liges de la Maison Tully,Épée Longue,,,,"Lourdement protégés, les Boucliers Liges de la Maison Tully apportent leur puissance défensive à la grande Maison Stark. Ils sont capables d’encaisser l’assaut le plus virulent et nombre de batailles ont été gagnées grâce à leur incroyable ténacité. Ils ne sont certes pas aussi rapides que la plupart des unités offensives, mais ils représentent souvent la ligne derrière laquelle les troupes d’assaut peuvent se replier en toute sécurité après une charge rapide sur l’ennemi.",2021
10207,Été,Griffes et Crocs,,*Ne peut être recruté que dans une armée qui comprend Bran Stark.*,,"Tout commença quand Bran se retrouva paralysé après sa chute de l’une des tours de Winterfell. Pendant sa convalescence, Été le sauva d’une tentative d’assassinat, prouvant ainsi le lien qui existait entre les enfants Stark et leurs loups-garous. Hodor, un géant à l’intelligence limitée, servit de jambes à Bran lorsque le jeune Stark fut à même quitter son lit. D’une certaine façon, le trio fonctionne comme un seul et même individu, un être de loyauté, d’honneur et d’intelligence.",2021
10208,Grandes Haches de la Maison Omble,Fureur du Bourreau,,,,"Alliant mobilité, défense et force de frappe, les Grandes Haches de la Maison Omble s’adaptent rapidement à toutes les situations. Ces guerriers peuvent poursuivre des ennemis plus lourds, mais aussi soutenir une charge ou lancer des assauts dévastateurs à l’aide de leurs armes de prédilection. Comme ils ne sont pas restreints à un type unique de combat, un commandant avisé pourra les déployer selon ses besoins, afin de combler une éventuelle faiblesse dans sa défense ou d’exploiter les erreurs de jugement de l’ennemi.",S04
10209,Pisteurs Paludiers,Arc des Paluds,Lame du Pisteur,,,"Les Pisteurs Paludiers sont tout sauf une unité de première ligne. Légèrement équipés et peu armés, ils n’ont aucune chance lors d’un affrontement direct. Les pisteurs compensent leur manque de force de frappe par leur vitesse et par leur capacité à semer la confusion dans les rangs adverses. Ils combinent rapidité et mobilité avec des tactiques de harcèlement particulièrement efficaces afin d’éviter les confrontations directes.",2021-S03
10210,Broussaille,Mutilation Sauvage,,*Ne peut être recruté que dans une armée qui comprend Rickon Stark.*,,"De tous les loups-garous des Stark, Broussaille s’est révélé être le plus sauvage, prompt à sauter à la gorge de quiconque menaçant son maître, le jeune Rickon Stark. Broussaille a hérité du tempérament capricieux et colérique de Rickon, ce qui le rend particulièrement imprévisible. Même jeunes, les loups-garous sont dangereux. Sur le champ de bataille, par contre, Broussaille peut laisser libre cours à sa sauvagerie et à son instinct protecteur. Personne ne peut menacer Rickon sans avoir à affronter sa fureur bestiale.",2021-S03
10212,Garde d'Honneur d'Eddard,Morsure de l'Hiver,,"Ne peut être recruté que dans une armée qui comprend Eddard Stark, Seigneur de Winterfell. Eddard doit être attaché à cette unité.",,"Triés sur le volet dans les rangs des troupes de la Maison Stark, les hommes de la Garde d’Honneur de Lord Eddard ont maintes fois prouvé leur valeur et leur intégrité. Sur le champ de bataille, ils se révèlent capables de tenir leur position face à un adversaire supérieur en nombre et savent rendre coup pour coup. Chacun de ses hommes est prêt à sacrifier sa vie pour Lord Eddard, d’autant plus que ce dernier n’hésiterait pas à faire de même pour eux. Ces troupes d’élite constituent l’avant-garde idéale de toute armée Stark.",2021-S03
10213,Cavaliers de la Maison Tully,Lance,,,,"Lourdement armés et harnachés, mais bénéficiant malgré tout de la mobilité propre à la cavalerie, les Cavaliers de la Maison Tully sont réputés pour leurs charges dévastatrices, capables de briser les lignes ennemies les plus solides. La simple menace d’une charge imminente oblige les généraux ennemis à réagir, permettant ainsi au commandant des Cavaliers de mettre la pression sur l’adversaire sans avoir à engager d’unité. Un général avisé positionnera des troupes dans le sillage de ces Cavaliers, prêtes à exploiter le chaos qu’ils laissent derrière eux.",2021-S03
10214,Ourses de la Maison Mormont,Frappe Résolue,,,,"Les Ourses de la Maison Mormont basent leurs tactiques et leur équipement sur ceux de Lady Alysane Mormont. Ces femmes redoutables, réputées pour leur force, portent des armures de cuir épais et de plates. Elles manient des masses à deux mains capables de broyer un casque lourd ou de défoncer un plastron en un seul coup. Farouchement dévouées à la cause des Mormont, les Ourses font preuve d’une détermination sans faille qui, associée à leur lourde armure, leur permet de résister là où d’autres unités tomberaient.",S04
10215,Lanciers de la Maison Karstark,Lance,,,,"Rien n’est plus terrifiant pour une cavalerie qui charge que de se retrouver face à une ligne de lanciers protégés derrière un mur de boucliers ne laissant dépasser que leurs lances. C’est particulièrement vrai pour les formations qui marchent sous la bannière du soleil blanc. Les Lanciers de la Maison Karstark forment une couverture parfaite pour protéger les flancs vulnérables d’une ligne de bataille, où la cavalerie est la plus dévastatrice. Équipés de mailles et de cuir, ils peuvent encaisser des coups, mais ne sont pas adaptés pour être lancés seuls en avant-garde.",S04
10216,Cogneurs de la Maison Mormont,Masse & Pointe,,,,"Arborant dignement le blason du grand ours, les hommes communément connus sous le nom de Cogneurs de la Maison Mormont frappent fort et combattent jusqu’au dernier. Leur armure légère se compose essentiellement de cuir rembourré et de maille légère, ce qui leur confère une bonne mobilité. Pour l’adversaire, subir un assaut de flanc de ces troupes constitue un véritable cauchemar. Lorsqu’ils subissent des pertes, les Cogneurs deviennent encore plus dangereux, rendant coup pour coup, et entraînant s’il le faut leurs ennemis avec eux dans la mort.",S04
10217,Loyalistes de la Maison Karstark,Fléau,,,,"Parmi toutes les Maisons vassales des Stark, la Maison Karstark de Karhold est l’une des plus fidèles. Lorsque la Maison Stark fait appel aux bannerets du Nord, les Loyalistes sont rapidement rassemblés et envoyés sur le champ de bataille. Armés de fléaux et de boucliers, leur véritable force réside dans la foi inébranlable qu’ils ont dans leur cause. Des blessures qui d’ordinaire mettraient un homme à terre les font à peine vaciller. Ils sont capables de tenir une position sans faillir, notamment face à un ennemi inférieur en nombre.",S04
10218,Paludiers Démons des Marais,Tridents Empoisonnés,,,,"Les Paludiers Démons des Marais font partie des unités d’embuscade les plus redoutées de tout Westeros. Ces vassaux de la famille Reed n’ont pas leur pareil pour se fondre dans les terrains marécageux. Leurs armures sont suffisamment légères pour ne pas s’y enliser et leurs tridents empoisonnés infligent une mort atroce à leurs adversaires. Après leur attaque, les Démons des Marais disparaissent dans le sous-bois, ne laissant derrière eux que des cadavres ou des mourants.",2021
10219,Ravageurs de la Maison Omble,Hache de Bourreau,,,,"La Maison Omble n’est pas réputée pour sa cavalerie, pourtant ses cavaliers sont aussi redoutables que les autres unités montées de Westeros. S’ils ne sont pas aussi lourdement protégés que la plupart des troupes de cavalerie, les Ravageurs attaquent avec une fureur impitoyable. Tout ennemi qui commet l’erreur de se laisser charger de flanc ou de dos est voué à une mort certaine et expéditive. Ils sont rapides, efficaces et résistants : des troupes parfaites pour le Nord, un lieu où la survie dépend de la capacité à frapper vite et fort.",2021
10301,Géant Sauvage,Balayage Enragé,,,,"Considérés comme une légende par la plupart des Seigneurs Sudiens de Westeros, les Géants Sauvages qui vivent au-delà du Mur sont bel et bien réels, comme la Garde de Nuit peut le confirmer. Ces gigantesques créatures ne portent aucune armure et manient des armes rudimentaires, comme des os de mammouth ou des troncs d’arbre. En vérité, ils n’ont besoin de rien d’autre. Un seul Géant peut causer des ravages dans les rangs de l’infanterie la plus lourde et ne pas être le moins du monde dérangé par une charge de chevaliers. Il n’existe que deux solutions pour abattre un Géant : le noyer sous le nombre ou avoir recours à une puissante arme de siège.",2021-S01
10302,Trappeurs du Peuple Libre,Arc de Sauvageon,Armes Rudimentaires,,,"Le Peuple Libre compense largement son manque de matériel sophistiqué par la ruse. Les Trappeurs du Peuple Libre n’ont pas leurs pareils pour truffer le champ de bataille de pièges aussi inventifs que vicieux. Le but n’est pas de causer de lourdes pertes aux unités ennemies, mais de les ralentir. Les cavaliers sont contraints d’avancer au pas sous peine de perdre leurs montures et l’infanterie doit faire preuve de prudence afin de ne pas déclencher les pièges. Pendant ce temps, les Trappeurs s’en donnent à cœur joie pour cribler de flèches les unités ainsi empêtrées.",2021-S01
10303,Pillards du Peuple Libre,Armes Rudimentaires,,Réactivité : *Réduisez le coût de 1 Attachement de cette unité de 1.*,,"Manquant d’entraînement et sommairement équipés d’armes en os ou de lames de récupération, les Pillards du Peuple Libre n’ont qu’une seule chose à offrir pour contrer l’avancée des lourdes armées de Westeros : leur multitude. Les échauffourées au sud du Mur ont donné aux généraux de Westeros une fausse idée du nombre des Sauvageons au-delà du Mur. S’il est vrai qu’en petit nombre, ils ne valent guère mieux qu’une bande de paysans, sous la bannière du Peuple Libre, ils forment une véritable armée.",2021-S03
10304,Piqueuses,Lancer de Pique,Pique,,,"Si dans le sud, la guerre est surtout une affaire d’hommes, les femmes du Peuple Libre ont largement prouvé leur valeur au combat. Les Piqueuses ne sont pas adaptées à l’affrontement direct sur la ligne de front et se montrent bien plus utiles sur les flancs, tant pour lancer leurs assauts que pour protéger des charges ennemies. Leurs armes sont peut-être rudimentaires, mais elles en ont à profusion et sont capables de les lancer avec une précision mortelle. Un général avisé saura exploiter au mieux ce talent.",S04
10305,Sauvages Troglodytes,Assaut Frénétique,,,,"Les Troglodytes ne portent que des pagnes ou de simples fourrures et leur équipement se limite à des armes primitives. Pourtant, sous-estimer leur soif de sang serait une grave erreur, comme l’ont appris à leurs dépens plusieurs patrouilles imprudentes. Ces sauvages ne tiendront pas longtemps en première ligne, mais pour effectuer une percée dans les rangs adverses ou attaquer de flanc des archers mal protégés, ils sont parfaits. Dès qu’ils ont senti le sang, leur férocité est sans égale.",2021-S02
10306,Wun Wun,Dérouillée,,,,"Wun Wun est encore plus imposant que son chef, Mag le Puissant. Comme tous les géants, Wun Wun est doté d’une force titanesque et d’un cuir épais, mais il est également convaincu d’être invulnérable et possède une combativité hors du commun. Si Wun Wun est capable d’enfoncer les lignes ennemies les plus solides avec une effarante facilité, les généraux du Peuple Libre devront veiller à soutenir les attaques de ce béhémoth, de peur qu’il ne se retrouve encerclé et submergé par la masse de ses minuscules adversaires.",2021-S02
10307,Disciples des Os,Armes en Os,,,,"Bien qu’ils n’appartiennent à aucune faction particulière du Peuple Libre, les Disciples des Os ont consacré leur vie à servir les ambitions belliqueuses du Seigneur des Os. Au combat, on pourrait penser que leurs armes en os ne font pas le poids face à l’acier, pourtant une mâchoire d’auroch montée sur un épais manche de bois peut se révéler terriblement efficace, y compris contre un adversaire en armures de plaques. Le trouble causé par ces sauvages au sein des troupes ennemies constitue un avantage qu’un général avisé saura exploiter.",2021-S03
10308,Guerriers Thenn,Armes en Bronze,,,,"Les Guerriers Thenns constituent les troupes régulières les plus lourdes alignées par le Peuple Libre. Leurs armes et armures de bronze ont été forgées de leurs propres mains, et non pas volées à la Garde de Nuit ou pillées sur le champ de bataille. Cependant, les généraux du Peuple Libre doivent tenir compte du fait que ces armes Nordiennes, bien que relativement avancées, ne font pas le poids face à l’acier trempé du sud. C’est généralement sur les flancs ou en tant qu’arrière-garde dans le sillage d’un géant que les Guerriers Thenns se montrent les plus efficaces.",2021-S03
10309,Chars de la Grève Glacée,Impact Mortel,,,,"Les Sauvageons sont rarement associés aux machines de guerre, mais les Chars de la Grève Glacée sont étonnamment efficaces. Ces chars, faits de bois et d’os, tirés par d’énormes bâtards de loups et de molosses croisés pour leur force et leur férocité, abritent deux hommes et toute une panoplie d’armes permettant non seulement de charger l’adversaire, mais également d’enfoncer les rangs les plus solides. Ils sont toutefois à utiliser avec prudence, car les chars deviennent extrêmement vulnérables une fois immobilisés.",2021-S02
10310,Ours,Mutilation Sauvage,,*Cette figurine n’est utilisée qu’avec la Capacité Lien du Change-peau.*,,"Les Change-peaux sont des hommes et des femmes capables de pénétrer dans l’esprit des animaux et de manipuler leurs actions, que ce soit de façon subtile ou ostentatoire. En temps de guerre, ce n’est pas le Change-peau lui-même que l’on remarque sur le champ de bataille, mais les bêtes qu’il contrôle, tels que les énormes ours Nordiens, les loups, les lynx-de-fumée, les hiboux et les aigles. Si ses animaux peuvent être tués, il est rare qu’un Change-peau soit vaincu longtemps, car le Nord ne manque pas de créatures féroces et redoutables.",2021
10311,Élu du Seigneur des Os,Armes en Os,,*Ne peut être recruté que dans une armée qui comprend Clinquefrac. Il doit être attaché à cette unité.*,,"Seuls les plus forts et les plus sauvages parmi les disciples des Os peuvent devenir un Élu du Seigneur des Os. Chaque Élu prend la place de son prédécesseur en le tuant au cours d’un combat rituel. L’armure du nouvel Élu est assemblée à partir des ossements du vaincu et complétée avec des os d’animaux afin d’offrir une meilleure protection. De prime abord, les Élus peuvent sembler n’être que de vulgaires sauvages, mais les vétérans de la Garde de Nuit enseignent aux frères novices de ne sous-estimer ni leur incroyable ruse, ni leurs extraordinaires talents martiaux.",2021-S03
10312,Mammouth de Guerre,Saccage,,Limité : *Votre armée peut inclure un maximum de 2 Mammouths de Guerre.*,,"Sur le champ de bataille, voir un Mammouth de Guerre foncer sur les positions ennemies constitue un spectacle impressionnant. Sa force incroyable et sa peau épaisse le rendent difficile à neutraliser. Il arrive que des géants chevauchent ces pachydermes, mais il ne reste plus assez de Mammouths dans le monde pour former de véritables corps de cavalerie. Ceux qui combattent aux ordres de leur maîtres sont cependant bien entraînés. Même si cela reste un événement rare, un Mammouth paniqué peut s’en prendre aussi bien à ses alliés qu’à ses ennemis.",2021-S01
10313,Mag Le Puissant,Fureur du Chef,,,,"Le Titre de Mag le Puissant reste, somme toute, relativement modeste. En tant que chef des géants, il a mené maintes fois son peuple à la victoire grâce à sa force redoutable. Même les troupes les plus lourdement protégées ne font pas le poids face à sa puissance, et ses qualités de chef (pour autant que les géants en possèdent) inspirent les siens au coeur de la bataille. Mag a largement les moyens de se jeter dans la mêlée, mais il doit toutefois rester prudent. Bien que difficiles à abattre, les géants ne sont pas immortels.",2021-S02
10314,Mag Le Puissant,Fureur du Chef,,,,"Le Titre de Mag le Puissant reste, somme toute, relativement modeste. En tant que chef des géants, il a mené maintes fois son peuple à la victoire grâce à sa force redoutable. Même les troupes les plus lourdement protégées ne font pas le poids face à sa puissance, et ses qualités de chef (pour autant que les géants en possèdent) inspirent les siens au coeur de la bataille. Mag a largement les moyens de se jeter dans la mêlée, mais il doit toutefois rester prudent. Bien que difficiles à abattre, les géants ne sont pas immortels.",2021
10315,Oursières de la Grève Glacée,Lancer de Pique,Piques et Lacérations,,,"Dans les terres lointaines qui s’étendent au-delà du Mur vivent les ours blancs les plus imposants de leur espèce, aussi grands que deux hommes quand ils se redressent, et capables de déchiqueter la roche comme l’acier. Seuls les sauvageons oseraient dompter de telles bêtes et les monter au combat. Les Oursières de la Grève Glacée sont peut-être plus lentes et plus lourdes que la cavalerie traditionnelle, mais là où un cheval ne peut que piétiner un ennemi, les Ours des Neiges peuvent mordre, déchiqueter et lacérer. Même en armure de plate complète, un homme ne fait pas le poids face à un ours.",S04
10316,Le Sanglier de Borroq,Festin Macabre,,*Ne peut être recruté que dans une armée qui comprend Borroq.*,,"Le fidèle sanglier de Borroq se tient toujours aux côtés de son maître. Cet animal porcin, aussi massif qu’un taureau adulte, est doté de défenses aussi longues que le bras d’un homme. Sa peau épaisse lui fournit une armure naturelle qui le protège des lames les plus tranchantes. Au combat, il empale ses adversaires et les envoie valdinguer d’un puissant coup de tête, pour ensuite se livrer à un macabre festin. Cependant, si Borroq quitte le champ de bataille, le sanglier fera de même.",S04
10317,"Varamyr Sixpeaux, Maître Change-Peau",Mutilation Sauvage,,,"« Et moi, je peux survoler le Mur et voir avec des yeux d’aigle. »","Comptant parmi les plus puissants Changes- Peaux au-delà du Mur, Varamyr Sixpeaux peut se lier simultanément à un énorme ours des neiges, trois loups, un lynx-de-fumée et un aigle. Au combat, il chevauche son grand ours des neiges depuis lequel il commande et coordonne les attaques de ses différents animaux. Rien n’échappe au regard de son aigle, ni à la traque implacable de son lynx-de-fumée. Quiconque tente de s’approcher de lui s’expose à être sauvagement agressé. Même s’il est possible de terrasser chacune de ses créatures individuellement, rien n’empêchera Varamyr d’en invoquer d’autres.",2021-S03
10318,"Varamyr Sixpeaux, Maître Change-Peau",Mutilation Sauvage,,,"« Et moi, je peux survoler le Mur et voir avec des yeux d’aigle. »","Comptant parmi les plus puissants Changes- Peaux au-delà du Mur, Varamyr Sixpeaux peut se lier simultanément à un énorme ours des neiges, trois loups, un lynx-de-fumée et un aigle. Au combat, il chevauche son grand ours des neiges depuis lequel il commande et coordonne les attaques de ses différents animaux. Rien n’échappe au regard de son aigle, ni à la traque implacable de son lynx-de-fumée. Quiconque tente de s’approcher de lui s’expose à être sauvagement agressé. Même s’il est possible de terrasser chacune de ses créatures individuellement, rien n’empêchera Varamyr d’en invoquer d’autres.",S04
10319,Lynx-de-Fumée,Coup de Griffes,,*Ne peut être recruté que dans une armée qui comprend Varamyr Sixpeaux.*,,"Même si un lynx-de-fumée seul ne représente pas un grand danger pour une unité d’hommes en armure, celui-ci est animé de la ruse de Varamyr Sixpeaux. En soutien des forces du Peuple Libre et oeuvrant en bande avec les autres animaux, le Lynx-de-Fumée de Varamyr constitue une menace aussi redoutable qu’insaisissable. Même lorsque Sixpeaux ne contrôle plus son gracieux félin, son Lynx-de-Fumée demeure un prédateur redoutable presqu’aussi gros homme. Investi de l’esprit de Sixpeaux, il devient une arme mortelle.",2021
10320,Meute de Loups,Tactiques de Meute,,*Ne peut être recruté que dans une armée qui comprend Varamyr Sixpeaux.*,,"Bien qu’inadaptés à tenir le front d’une bataille rangée, les loups contrôlés par Varamyr Sixpeaux sont excellents pour harceler les flancs et semer la panique parmi les archers et les machines de guerre à l’écart de la ligne de front. Ils ne semblent être que de simples loups, mais lorsqu’ils sont animés par l’esprit de leur maître, ils ne forment plus qu’un, une véritable meute capable de coordonner ses tactiques avec celles des combattants humains du Peuple Libre. Faut-il encore se demander pourquoi les change-peaux sont craints à ce point ?",2021
10321,Chasseurs de La Grève Glacée,Harpon,Harpon,,,"Les hommes du Clan du Morse maîtrisent l’art de la chasse qu’ils pratiquent dans les lointaines étendues glacées qui s’étendent au-delà du Mur. Désormais à la recherche d’un climat plus doux et de pâturages plus verts, ils descendent vers le sud en mettant leur expertise au service du Peuple Libre. Leurs robustes harpons sont capables d’embrocher aussi bien les soldats ennemis que les bêtes les plus sauvages. Leur habileté à maintenir leurs proies sous pression, couplée à une très grande mobilité, leur permet de surprendre l’ennemi en l’attaquant là où il s’y attend le moins.",S04
10322,Géants Lanceurs d’Épieux,Épieu de Géant,Épieu de Géant,,,"Qu’il y a-t-il de pire dans une bataille que de devoir affronter des géants ? Se retrouver face à des géants qui lancent des épieux de la taille d’un tronc d’arbre. Grâce à son alliance avec les géants, le Peuple Libre peut désormais aligner leurs Lanceurs d’Épieux, une véritable artillerie sur pattes. Leurs armes sont certes rudimentaires, mais une hampe de bois aussi épaisse que le torse d’un homme ne requiert guère de finesse. Toutefois, ces géants peuvent rapidement se retrouver débordés au corps à corps et doivent donc être protégés.",S04
10401,Coupe-Jarrets de la Maison Bolton,Aggression Impitoyable,,,,"Malgré leur équipement léger, les Coupe-Jarrets de la Maison Bolton jouissent d’une réputation de brutalité et d’efficacité impitoyable qui leur permet de répandre la peur dans les rangs de troupes ennemies bien mieux équipées. Leurs masses à pointes peuvent broyer leurs ennemis, mais c’est en tant qu’instruments de terreur qu’elles se révèlent les plus utiles. Les Coupe-Jarrets de la Maison Bolton se plaisent à humilier leurs ennemis vaincus ou, pire encore, à les capturer pour leur faire subir un sort plus terrible encore",2021-S01
10402,Filles du Bâtard de la Maison Bolton,Arc de Pisteur,Lames et Crocs,,,"Dressées à acculer et à abattre la plus lourde des infanteries, les Filles du Bâtard excellent dans les attaques de flanc et dans la traque d’adversaires en fuite. Bien qu’elles ne soient pas assez protégées pour soutenir un assaut prolongé, elles se complaisent à fondre sur les ennemis blessés par les flèches de leurs maîtres. Une forte récompense attend le dresseur qui aura su capturer un officier ennemi afin que Ramsay Bolton puisse « se divertir » après la bataille.",2021
10403,Écorchés de la Maison Bolton,Fléau de Guerre,,,,"Dans la Guerre des Cinq Rois, ceux que l’on nomme les Écorchés forment les rangs d’une cavalerie plus lourde que la plupart de celles combattant sous des bannières pourtant plus prestigieuses. Équipés de robustes armures d’acier (noirci, bien évidemment), de grands boucliers et de lourdes bardes pour leurs chevaux, les Écorchés peuvent effectuer des charges dévastatrices et tenir le front pour un temps limité. Le fléau de guerre, leur arme de prédilection, est capable d’anéantir les meilleures défenses, mais c’est encore leur apparence terrifiante qui constitue leur meilleur atout.",2021-S02
10404,Gardes Noirs de la Maison Bolton,Fléau à Pointes,,,,Tous les adversaires des Gardes Noirs de la Maison Bolton ont eu vent de leur cruauté. Leurs terribles fléaux à pointes peuvent défoncer les boucliers les plus solides. Les Gardes Noirs constituent les troupes les plus lourdes des forces de la Maison Bolton et sont donc capables de prendre et de tenir n’importe quelle position sur le champ de bataille.,2021
10405,Tirailleurs des Pitres Sanglants,Lame de Pitre,,,,"En dépit de leur apparence outrancière, les Pitres Sanglants forment une redoutable compagnie de mercenaires dont la cruauté est réputée excessive, y compris parmi les mercenaires les moins recommandables. Leur seule loyauté va à l’argent, mais si vous y mettez le prix, ils seront capables d’occuper n’importe quelle position dans votre armée. Les Tirailleurs portent des armes et des armures légères, ce qui leur donne la mobilité nécessaire pour se livrer à des attaques rapides sur les flancs, mais ils devront toutefois être mis à l’abri des charges directes.",S04
10406,Mercenaires Corbeaux Tornade,Épée Longue,,Réactivité : *Réduisez le coût de 1 Attachement de cette unité de 1.*,,"Bien que les Corbeaux Tornade ne soient pas toujours loyaux envers leurs chefs, leurs employeurs, voire envers eux-mêmes, leur dévouement absolu à l’argent est indiscutable. Lorsqu’on y met le prix, les Mercenaires Corbeaux Tornade se révèlent être une infanterie moyenne efficace, et sont capables de tenir une aile ou d’effectuer eux-mêmes des manœuvres de flanc. Tant que l’argent coule à flots, leur employeur, quel qu’il soit, peut compter sur leur professionnalisme sans faille.",S04
10407,Archers Corbeaux Tornade,Arc Long de Mercenaire,Épée Courte,,,"Que ce soit avec une lame, un arc ou les deux, un Corbeau Tornade reste un Corbeau Tornade. Il n’est motivé que par l’argent et une petite rallonge peut suffire à lui faire accomplir des miracles. Avec leurs arcs longs recourbés et leurs flèches à longue portée, les Archers Corbeaux Tornade sont des spécialistes du combat à distance. Ils ne brillent pas au corps à corps, même si leurs épées courtes peuvent occasionnellement leur permettre de repousser un assaillant affaibli. Un général avisé saura les tenir éloignés de la cavalerie ou de troupes débordant par le flanc.",S04
10408,Chevaucheurs de Zébrules des Pitres Sanglants,Armement Disparate,,,,"Montée à dos de Zébrule, la cavalerie des Pitres Sanglants fait preuve d’un flair insolent. Leurs montures pour le moins inhabituelles, originaires d’Essos, sont issues du croisement d’équidés rayés et de chevaux. Les Zébrules sont capables de survivre de très longues périodes avec très peu d’eau et de nourriture et ils se montrent tout aussi vifs que leurs homologues occidentaux. Dans les rangs des Pitres Sanglants, les Chevaucheurs de Zébrules font office de cavalerie légère, débordant par les flancs pour charger les unités bloquées et les archers exposés.",2021-S03
10409,Derviches Corbeaux Tornade,Frappe Éclair,,,,"Payez à un Derviche Corbeau Tornade une semaine de solde, et vous aurez à votre disposition tirailleur aguerri et endurci, apte à se déplacer rapidement en armure moyenne afin de frapper les positions ennemies les plus exposées. Les Corbeaux Tornade sont connus pour n’être fidèles qu’à l’argent et cette sinistre réputation s’étend jusqu’à leurs soldats les mieux entraînés. Pourtant, les employeurs qui voient les derviches en action ont rarement des raisons de se plaindre, car ces guerriers redoutables sont capables de mettre en pièces les flancs ennemis avant de se replier en toute sécurité, annihilant toute velléité de contre-attaque.",S04
10410,Chevaliers Errants,Lame de Chevalier,,,,"Les Chevaliers Errants parcourent le monde à la recherche d’un emploi. Ces nobles sans terre, qui n’ont pour seuls biens que leurs armes, leur armure et leur destrier, sont souvent rejetés et méprisés par leurs pairs, mis à part en temps de guerre. Quel que soit leur camp dans la Guerre des Cinq Rois, les nobles trouvent toujours une utilité à un groupe d’une demi-douzaine de chevaliers mercenaires, bien entraînés et déjà équipés. Néanmoins, leur équipement est rarement à la hauteur de celui des véritables chevaliers.",2021
10411,Maîtres d'Armes de la Compagnie Dorée,Frappe Tactique,,,,"La Compagnie Dorée est bien connue pour sa devise, « Notre parole vaut de l’or ». Celui qui les engage sait pertinemment qu’une fois sur le champ de bataille, ils savent rendre la monnaie de leur pièce. Les Maîtres d’Armes de la Compagnie Dorée ont reçu un entraînement intensif, et sont experts dans l’art d’exploiter tout point faible de la défense adverse. Ils sont réputés pour ne jamais reculer, même lorsqu’ils sont confrontés à des situations désespérées. Louer les services des Maîtres d’Armes est un investissement sûr pour celui dont les coffres sont suffisamment remplis.",S04
10412,Arbalétriers de la Compagnie Dorée,Arbalète,Épée Courte,,,"La Compagnie Dorée, le groupe de mercenaires le plus fiable des Citées Libres, propose les services de plusieurs troupes de combat. Les Arbalétriers sont l’une d’entre elles. D’une résolution sans faille, ces tireurs émérites attendent patiemment que l’ennemi se rapproche pour faire pleuvoir leur déluge de mort. Leurs carreaux transpercent les armures avec aisance, notamment à courte portée. Quiconque cherche à renforcer ses troupes fera une bonne affaire en les engageant.",2021-S02
10413,Éléphant de Guerre de la Compagnie Dorée,Écrasement,,*Votre armée ne peut inclure qu’un seul Éléphant de Guerre pour chaque unité d’Infanterie de la Compagnie Dorée.*,,"Face à la charge de ces gigantesques mastodontes, même les soldats les plus aguerris se retrouvent démunis. Les Éléphants de Guerre de la Compagnie Dorée sont capables d’enfoncer n’importe quelle ligne ennemie avec une brutalité sans égale. Ils semblent invulnérables lorsqu’ils piétinent sauvagement leurs adversaires ou qu’ils les fauchent de leurs défenses. Toutefois, ce ne sont que des animaux et, sans leur dresseur à proximité, ils s’arrêtent parfois en plein élan, désemparés.",2021-S03
10414,Épées Louées de Lys,Lames de Pirate,,,,"Sur les îles-forteresses de Lys, les hautes murailles et les incessantes patrouilles d’Épées Louées suffisent à dissuader tout éventuel attaquant. Les Épées louées ne sont toutefois rien d’autre que des pirates qui offrent leurs services au plus offrant. La gloire ne les intéresse pas. Ils ne sont motivés que par le pillage et le paiement de leur solde une fois de retour à leur port d’attache.",S04
10415,Freux,Armes de Récupération,,,,"Si l’on excepte leur étonnante loyauté, les Freux de Tyrion Lannister ne sont guère différents des autres tribus montagnardes et des pillards ordinaires. Bien qu’ils soient plus attachés à la fortune de Tyrion qu’à sa propre personne, ils ont su rester fidèles, même lorsque la trahison aurait constitué une option plus lucrative. En tant que mercenaires, ces troupes se révèlent tout à fait rentables si elles sont employées en tant qu’éclaireurs ou pour harceler les flancs ennemis. Leur équipement léger ne leur permet pas de soutenir un engagement prolongé en première ligne.",2021
10501,Vétérans de la Garde,Armes Doubles,,,,"Bien que l’on puisse compter sur les Frères Jurés pour tenir une position, les Vétérans possèdent l’armement et l’expertise nécessaires pour faire progresser le front. Ce sont des combattants aguerris, quasiment impossibles à mettre en déroute et dotés du meilleur équipement que les Constructeurs peuvent forger. Même les soldats les plus chevronnés des Sept Royaumes auraient du mal à les arrêter, et encore plus à les vaincre.",2021-S03
10502,Frères Jurés,Espadon,,,,"Les Frères Jurés sont les piliers de la Garde de Nuit, affrontant les Sauvageons et les horreurs Nordiennes avec une maîtrise et un stoïcisme résultant d’un long entraînement. Solidement armés grâce à leurs propres forges, les Frères Jurés disposent d’un meilleur équipement que la plupart des soldats des autres grandes Maisons (à l’exception de ceux de la Maison Lannister, bien évidemment). Lorsqu’il s’agit de tenir une position, même si la situation semble désespérée, vous pouvez compter sur les Frères Jurés.",2021
10503,Patrouilleurs Pisteurs,Arc Courbe,Épée Courte,,,"Les Patrouilleurs de la Garde de Nuit comportent de nombreuses unités aux compétences différentes, mais ce sont les Pisteurs qui personnifient le mieux leur capacité de perception. Cavaliers éclaireurs au dévouement sans faille, les Pisteurs sont chargés de fournir des renseignements sur l’ennemi en évaluant sa force, son nombre et sa position. Sur le champ de bataille, leur rôle consiste également à débusquer les adversaires les plus vulnérables. Un général avisé saura tenir compte de leurs conseils afin d’exploiter au mieux les faiblesses de l’adversaire.",2021-S03
10504,Fantôme,Griffes et Crocs,,*Ne peut être recruté que dans une armée qui comprend Jon Snow.*,,"Tapi dans le sillage de Jon Snow telle une ombre menaçante, le loup-garou albinos appelé Fantôme n’aurait pu être plus justement nommé. Sur le champ de bataille, Fantôme évolue plus ou moins librement, grâce à sa compréhension instinctive de la volonté de son maître. Pouvant atteindre des pointes de vitesse ahurissantes, Fantôme est aussi capable de déchirer une armure de ses puissantes mâchoires. Il se révèle particulièrement utile pour les attaques de flanc ou pour poursuivre les troupes en déroute. En effet, se faire charger par un loup-garou a de quoi glacer le sang de bien des hommes.",2021
10505,Patrouilleurs Chasseurs,Arc de Chasseur,Frappe Éclair,,,"Œuvrant souvent de concert avec les Pisteurs, les Patrouilleurs Chasseurs sont passés maîtres dans l’élimination de cibles-clés. Si la furtivité est rarement de mise lors d’une bataille ouverte, ils peuvent cependant frapper rapidement et éliminer les adversaires affaiblis ou vulnérables sans leur laisser une chance de répliquer. Un bon général prendra soin d’éviter qu’ils soient coincés au corps à corps, une situation délicate pour la plupart des unités d’infanterie légère.",2021-S03
10506,Scorpion et Équipe de Constructeurs,Baliste,Armes de l'Équipage,Limité : *Votre armée ne peut pas contenir plus de 2 Scorpions et Équipage de Constructeurs.*,,"Les Constructeurs de la Garde de Nuit sont réputés pour leur ingéniosité et le Scorpion en est la parfaite illustration. Les Constructeurs sont capables d’assembler cet engin mobile à l’aide de quelques pièces mécaniques et du bois à leur disposition. Le Scorpion tire d’immenses carreaux à longue portée tout en conservant une grande précision. Un seul projectile peut balayer des rangs entiers. Toutefois, le Scorpion est peu maniable et le mettre en position requiert du temps.",S04
10507,Mangonneau des Constructeurs,Tir de Rocher,Armes de l'Équipage,Limité : *Votre armée ne peut pas contenir plus de 2 Mangonneaux des Constructeurs.*,,"Les équipages de Constructeurs sont versés dans l’art de fabriquer des Mangonneaux mobiles et de les utiliser sur le champ de bataille. Ils insistent sur le fait que ces engins ne sont pas des catapultes, bien que les principes de base des deux engins soient similaires. Les catapultes sont déployées lors de conflits plus importants et nécessitent généralement des munitions spéciales. La précision mortelle des Mangonneaux permet à un équipage compétent de faire pleuvoir sur les formations ennemies des projectiles contre lesquels même l’infanterie la plus lourde est sans défense.",S04
10508,Arbalétriers Constructeurs,Arbalète,Épée Courte,,,"Même si la tâche principale des Constructeurs demeure la maintenance du Mur et de ses fortifications, ils sont également responsables de l’équipement de toute la Garde de Nuit. Ils ne sont donc généralement pas placés en première ligne sur le champ de bataille. Mais face à certains ennemis, il est bon que chaque homme ait une arme sous la main. L’entretien des arbalètes étant plus délicat que celui de la plupart des armes, il était logique d’en équiper les Constructeurs et d’utiliser ces derniers en tant qu’appui au feu de deuxième ligne.",2021-S01
10509,Recrues,Armes Simples,,,,"Généralement dépenaillées et souvent indisciplinées, les Recrues de la Garde de Nuit sont la lie de tout Westeros. Bien que la Garde ait pour habitude d’entraîner ses recrues avant de les envoyer au front, il peut arriver que chaque homme valide soit appelé à défendre le Mur. Contre un adversaire de taille, un général avisé saura ne pas trop se reposer sur les Recrues, susceptibles d’être mises en déroute au premier signe de résistance.",2021-S01
10510,Maréchal de la Garde,Épée Longue,,Limité : *Votre armée ne peut pas contenir plus de 2 Maréchaux de la Garde.*,,"Pour accéder au grade de Maréchal de la Garde, il faut plus que de simples talents de cavalier et de meneur d’hommes. Le Frère Juré doit avoir servi en première ligne et avoir participé à de longues patrouilles au-delà du Mur pendant suffisamment longtemps pour connaître tous les ennemis potentiels de la Garde et savoir comment les affronter avec efficacité et détermination. Les Maréchaux de la Garde savent tirer le meilleur parti de leurs troupes, en exploitant au mieux leur potentiel offensif et leur mobilité.",S04
10511,"Mains-Froides, Allié Mystérieux",Épée Longue,,*Ne peut pas être recruté dans une armée qui contient Benjen Stark.*,,"Allié un jour, ennemi le lendemain, l’être connu sous le nom de Mains-Froides est un spectre mystérieux aux motivations inconnues qui peut aussi bien soutenir les troupes que les harceler. Les nuées de corbeaux qu’il commande fondent sur ses adversaires, les noyant dans une mer d’ailes battantes et de griffes acérées. Au combat, il monte un gigantesque orignac et fait preuve d’une formidable prouesse martiale. Il porte l’armure et le manteau noir des frères de la Garde de Nuit, bien que nul ne puisse affirmer s’il s’agit des siens ou s’ils ont été pris sur la dépouille d’un ennemi. Lorsqu’il a été vaincu, Mains-Froides réapparaît peu après sur le champ de bataille.",S04
10512,Éclaireurs Patrouilleurs,Épée Longue,,,,"Les Patrouilleurs de la Garde de Nuit sont réputés pour leur capacité à se fondre dans la nature afin de tendre des embuscades à leurs ennemis. De tels assauts sont encore plus dévastateurs lorsqu’ils menés par des cavaliers. Dissimuler des chevaux se révèle délicat dans la plupart des environnements, mais les Éclaireurs Patrouilleurs connaissent la forêt qui s’étend au nord du Mur mieux que quiconque. Les épais taillis, les ravines cachées et même les petites cuvettes offrent de nombreuses cachettes depuis lesquelles ils peuvent surprendre leurs adversaires.",2021-S02
10513,Lanciers de Tour Ombreuse,Lance,,,,"Le château de Tour Ombreuse se dresse à l’extrémité occidentale du Mur. Du haut de ses remparts, les Frères Noirs veillent. À l’instar de tous les membres de la Garde de Nuit, les Lanciers de Tour Ombreuse sont vêtus d’acier noirci, ainsi que de cuir noir adapté aux grands froids légendaires du Nord. Les Lanciers font d’excellents flanc-gardiens, capables de recevoir des charges ennemies, qu’elles soient de cavalerie ou d’infanterie, en leur infligeant des coups de lance avant même de se trouver à portée de leur adversaire.",2021-S03
10601,Chevaliers du Cerf,Fureur du Cerf,,,,"Les Chevaliers du Cerf constituent le coeur des unités d’élite de la Maison Baratheon. Chacun d’entre eux est d’ascendance noble et porte le célèbre casque à cornes réservé aux Sers les plus honorables. Lourdement protégés, les Chevaliers du Cerf portent des cuirasses de plaques aussi efficaces que celles des Lannister et brandissent de redoutables marteaux de guerre à deux mains, capables de broyer les os comme les armures. Même encerclés, les Chevaliers du Cerf combattent avec une fureur irréductible.",2021-S03
10602,Gardiens Baratheon,Marteau de Guerre,,,,"Même si les loyautés de la Maison Baratheon sont divisées, tous ses membres suivent le même entraînement et puisent leur force dans d’anciennes doctrines de combat qui avaient cours à l’époque où la Maison était unie, avant la Guerre des Cinq Rois. Les Gardiens Baratheon portent de lourdes armures de plaques, de grands boucliers, ainsi que les célèbres marteaux de guerre des Baratheon. Résolus et robustes, les Gardiens se montrent aussi efficaces à l’avant-garde qu’au centre, bien que la vitesse ne soit pas leur fort.",2021
10603,Sentinelles Baratheon,Doubles Marteaux,,,,"Bien qu’officiellement classées en infanterie moyenne, les Sentinelles Baratheon sont équipées d’une armure plus lourde que celles généralement portées par des unités chargées de mener ou de contrer des manœuvres de flanc. Leur mobilité s’en trouve évidemment réduite, mais, contrairement à la plupart des unités d’infanterie moyenne, elles tiennent remarquablement bien leurs positions et portent des assauts dévastateurs. Le marteau de guerre se révèle délicat à manier pour quiconque ne possède pas l’entraînement adéquat, mais, entre les mains des Sentinelles, nulle armure ne résiste à sa frappe destructrice",2021-S03
10604,Chevaliers de la Rose,Épée Longue,,"Loyauté : **RENLY BARATHEON**
*Dans votre armée, vous ne pouvez recruter ni d’unité ni d’Attachement avec une loyauté différente.*",,"En tant qu’unités de première ligne au service du roi Renly, les Chevaliers de la Rose, vêtus d’un vert éclatant, sont lourdement armés et équipés. Grâce aux coffres pleins de Renly, ils ont accès aux meilleures armures qui soient. Un entraînement intensif et une loyauté farouche envers leur roi permettent à ces troupes de faire front sans faillir, même en cas de blessures graves. Un général avisé doit cependant veiller à ce que les Chevaliers de la Rose ne se retrouvent pas encerclés, bien qu’ils soient capables d’encaisser les assauts les plus violents et de riposter deux fois plus fort.",2021-S03
10605,Fidèles de R'hllor,Lame de la Foi,,"Loyauté : **STANNIS BARATHEON**
*Dans votre armée, vous ne pouvez recruter ni d’unité ni d’Attachement avec une loyauté différente.*",,"Bien que personne ne puisse remettre leur foi inébranlable en R’hllor en question, les soldats de Stannis connus sous le nom de Fidèles ne possèdent pas chacun leur propre Illumination, la légendaire épée flamboyante d’Azor Ahai. Au lieu de cela, leurs lames sont enflammées par un mélange d’huiles qui produisent une forte chaleur pendant une courte période. S’ils ne sont pas lourdement protégés, leur conviction zélée leur permet de tenir tête à n’importe quel ennemi et garantit que même s’ils tombent au combat, ils inspireront ceux qui les entourent.",S04
10606,Champions du Cerf,Colère du Champion,,,,"Conformément à la doctrine Baratheon qui préconise de porter des armes lourdes et des armures qui le sont plus encore, les Champions du Cerf sont équipés d’ensembles de plates complètes et montés sur de formidables destriers. Ces colosses disposent de toute la mobilité qu’offre la cavalerie, alliée à la trempe des unités de première ligne. Les généraux avisés sauront profiter de cette mobilité afin que les Champions puissent engager les unités de leur choix, mais si le besoin s’en fait sentir, ces chevaliers sont capables de tenir la ligne de front bien plus longtemps que la plupart des autres unités de cavalerie.",2021-S02
10607,Noble de Peyredragon,Colère Noble,,"Loyauté : **STANNIS BARATHEON**
*Dans votre armée, vous ne pouvez recruter ni d’unité ni d’Attachement avec une loyauté différente.
Votre armée peut inclure un maximum de 2 Nobles de Peyredragon.*",,"Les Nobles de Peyredragon sont aisément reconnaissables grâce aux bois de cerf, l’emblème de la Maison Baratheon, qui ornent leurs casques. Vêtus de la tête aux pieds d’armures de plates et fonçant au combat sur leurs montures lourdement caparaçonnées, les Nobles de Peyredragon font partie des guerriers les plus résistants que l’on puisse rencontrer sur un champ de bataille. Plus la situation est désespérée, plus ces fanatiques combattent farouchement. Bien qu’ils excellent à immobiliser des troupes plus légères, il est important de veiller à ce qu’ils ne se retrouvent pas encerclés.",S04
10608,Hommes du Roi,Lame du Roi,,"Loyauté : **STANNIS BARATHEON**
*Dans votre armée, vous ne pouvez recruter ni d’unité ni d’Attachement avec une loyauté différente.*",,"À la cour de Stannis Baratheon, les Hommes du Roi font partie de ceux qui restent fidèles aux Sept, la religion la plus répandue dans tout Westeros. S’ils ne partagent pas les convictions des Hommes de la Reine qui vénèrent R’hllor, ils ne sont pas non plus leurs ennemis, bien que les deux groupes aient des méthodes d’entraînement différentes. Les Hommes du Roi se spécialisent dans l’utilisation de l'épée à deux mains, en essayant de rester aussi mobiles que le permettent leurs armures lourdes. Ils se démarquent également par leur loyauté indéfectible envers le seul roi véritable, Stannis Baratheon.",S04
10609,Hommes de la Reine de R'hllor,Épée Longue,,"Loyauté : **STANNIS BARATHEON**
*Dans votre armée, vous ne pouvez recruter ni d’unité ni d’Attachement avec une loyauté différente.*",,"Les Hommes de la Reine de la cour de Stannis Baratheon ne doivent pas tant leur titre à leur dévouement envers la reine Selyse qu’à leur conversion à la foi de R’hllor (certains vont jusqu’à prétendre que leur véritable allégeance va à Mélisandre, la Prêtresse Rouge). Les Hommes de la Reine constituent une unité d’élite de première ligne, lourdement équipée pour soutenir des assauts de n’importe quel adversaire. Bien qu’ils souffrent de la lenteur inhérente aux troupes lourdes, les Hommes de la Reine font preuve d’une incroyable résistance.",S04
10610,Illuminés de R'hllor,Flèches Enflammées,Dagues,"Loyauté : **STANNIS BARATHEON**
*Dans votre armée, vous ne pouvez recruter ni d’unité ni d’Attachement avec une loyauté différente.*",,"Perpétuant la tradition Baratheon des armures lourdes, les Illuminés de R’hllor sont équipés de cottes d’écailles et de casque de plates, ce qui leur permet d’encaisser les assauts ennemis beaucoup plus efficacement que la plupart des archers. Grâce à cette protection supplémentaire, ils peuvent mettre en valeur leur meilleur atout : le feu. Les flèches des Illuminés sont enduites d’huile et allumées juste avant le tir. L’huile est particulièrement collante et, même si elle se consume rapidement, elle peut facilement mettre le feu aux matériaux touchés.",2021-S01
10611,Garde des Épines,Arbalète du Gardien,Épée Longue,"Loyauté : **RENLY BARATHEON**
*Dans votre armée, vous ne pouvez recruter ni d’unité ni d’Attachement avec une loyauté différente.*",,"Les arbalétriers de la Garde des Épines sont équipés de mailles renforcées de plaques, d’épées longues au lieu des poignards ou lames courtes que portent habituellement les archers, et d’arbalètes exceptionnelles. En effet, ils sont bien plus entraînés au combat en mêlée que la plupart des archers. Cela dit, l’arbalète reste leur arme principale, capable de perforer de lourdes armures, et les généraux avisés sauront les employer de manière appropriée.",2021-S03
10612,Cavaliers de Hautjardin,Lance,,"Loyauté : **RENLY BARATHEON**
*Dans votre armée, vous ne pouvez recruter ni d’unité ni d’Attachement avec une loyauté différente.*",,"House Tyrell is steeped in chivalric traditions, and King Renly’s alliance to them by way of Lady Margaery has earned the loyalty of the famed Riders of Highgarden. While not as heavily armored as most cavalry, the Riders can mount a charge as devastating as anything other factions can muster. A commander should guard against allowing them to be bogged down in a protracted melee, but even then, their loyalty and bravery shine through.",2021-S01
10613,Piquiers de Hautjardin,Piques,,"Loyauté : **RENLY BARATHEON**
*Dans votre armée, vous ne pouvez recruter ni d’unité ni d’Attachement avec une loyauté différente.*",,"La Maison Tyrell est bien ancrée dans les traditions chevaleresques, et l’alliance du Roi Renly avec la famille de Lady Margaery a permis de gagner la loyauté des célèbres Cavaliers de Hautjardin. Bien qu’ils ne soient pas aussi caparaçonnés que les autres troupes à cheval, les Cavaliers de Hautjardin peuvent déclencher une charge tout aussi dévastatrice que celles des autres factions. Un général avisé devra se garder de les laisser s’enliser en mêlée. Néanmoins, même en de telles circonstances, ils feront preuve d’une loyauté et d’une bravoure sans faille.",2021-S03
10614,Garde Arc-en-Ciel,Lames de Maître,,"*Ne peut être recrutée que dans une armée qui comprend Renly Baratheon, Roi du Sud. Renly doit être attaché à cette unité. Vous ne pouvez pas inclure Loras Tyrel. Vous ne pouvez pas inclure Brienne.*",,"La Garde Arc-en-Ciel du Roi Renly Baratheon réunit ses plus redoutables et fidèles lieutenants. Ces chevaliers sont au service du cadet des Baratheon et lui ont prêté allégeance. Lorsqu’ils se rassemblent sur le champ de bataille, ils constituent le noyau dur des forces de Renly, capables de tenir la ligne de front comme de prendre de flanc les ennemis à découvert. Mais le plus important est peut-être qu’ils incarnent l’espoir et la foi envers la cause du Roi Renly, ainsi que son ambition d’unifier tout Westeros sous sa bannière.",S04
10615,Hallebardiers Baratheon,Hallebarde,,,,"Quiconque affronte la Maison Baratheon se retrouve face à un dilemme. Elle dispose de troupes résolues dotées de solides armures, et le soutien des Hallebardiers compense la faiblesse inhérente de l’infanterie lourde face à la cavalerie. De plus, toute hésitation ou manque d’engagement de la part d’une unité de cavalerie (ou d’une force similaire) entraîne une confusion facilement exploitable. Tout commandant compétent de la Maison Baratheon saura trouver de multiples avantages à l’utilisation d’Hallebardiers dans ses rangs.",2021
10701,Hurleurs Dothraki,Arakh Dothraki,,,,"Il est tentant de considérer les Dothraki comme une bande de barbares hurlants et sans cervelle, car pour un oeil non averti, c’est exactement ce qu’évoquent leurs tactiques de combat. Un khalasar Dothraki peut réunir plusieurs milliers d’hommes et chacun d’entre eux a passé plus de temps sur sa selle que sur ses deux jambes. Bien que les Dothraki ne soient que légèrement protégés, leur habileté à cheval est telle qu’il est difficile de leur assener un coup d’épée, même lorsqu’ils sont engagés dans un corps à corps.",2021-S03
10702,Cavaliers Dothraki,Arc de Cavalerie,Lame de Cavalerie,,,"Peu d’éclaireurs sont capables de rivaliser avec les Cavaliers Dothraki sur leur propre terrain, mais c’est lorsque la bataille a commencé qu’ils révèlent toute leur valeur : celle d’une unité de tir mobile. Là où la plupart des archers classiques s’en prennent à l’infanterie adverse, les Cavaliers Dothraki sont capables de décocher une volée de flèches, puis de se mettre hors de portée de l’ennemi. Seuls d’autres archers ou des cavaliers légers peuvent espérer les contrer. En conséquence, les cavaliers Dothraki doivent à tout prix rester mobiles.",2021-S03
10703,Vétérans Dothraki,Arc Court,Arakh Dothraki,,,"Les Vétérans constituent l’élite de la cavalerie Dothraki. Aussi à l’aise à l’épée qu’à l’arc, les Vétérans affaiblissent leurs proies avec leurs flèches avant de les charger férocement, découpant leurs ennemis à grands moulinets de leurs arakhs tranchants comme des rasoirs. Tous les Dothraki sont des cavaliers hors pair, mais la maîtrise des Vétérans est tout simplement inimaginable, l’homme et la monture se déplaçant avec une précision parfaite, même au cœur du plus sanglant des corps à corps.",S04
10704,"Jorah Mormont, le Chevalier Errant",Épée Longue,,,« Les spectres ne sont pas plus nombreux ici qu’ailleurs. Nous les emmenons partout avec nous. »,"Quoi que l’on puisse penser des agissements et du passé trouble de Jorah Mormont, ses prouesses martiales lui ont permis de gagner le respect des Dothraki, ce qui est loin d’être une mince affaire. Vétéran de nombreuses batailles devenu mercenaire, Jorah possède un œil aguerri pour déceler les failles dans les rangs ennemis et permettre à ses troupes de les exploiter. Ser Jorah préfère combattre à cheval et ses talents de cavalier surpassent ceux de la plupart des Ouestriens.",2021-S03
10705,Maîtres d'Armes Immaculés,Prouesse Immaculée,,,,"Chez les célèbres Immaculés, seule une recrue sur trois survit au brutal processus d’entraînement. Ces redoutables légions d’eunuques sont réputées pour leurs talents martiaux et leur discipline inflexible. Même si individuellement, ils ne sont pas forcément de taille face aux soldats Ouestriens, les Immaculés ne ressentent aucune douleur et sont capables de frapper l’ennemi lorsque celui-ci s’y attend le moins. Malheur à celui qui fera l’erreur de les sous-estimer à cause de leur frêle stature et leurs coutumes étranges.",2021-S01
10706,Piquiers Immaculés,Pique de Phalange,,,,"Bien que, selon les standards Ouestriens, les Piquiers Immaculés soient assimilés à de l’infanterie légère, ces guerriers combattent en formation serrée en suivant les doctrines établies par l’Ancien Empire de Ghiscari. Face à une charge de cavalerie, une phalange d’Immaculés, boucliers dressés, représente un rempart pratiquement infranchissable. Les troupes d’infanterie légère ont également du mal à franchir leur mur de piques. Même s’il est difficile de prendre cette unité par surprise, un général avisé veillera cependant à ce qu’elle ne soit pas encerclée.",2021
10707,Drogon,Feu Noir,,*Ne peut être recruté que dans une armée qui comprend Daenerys Targaryen.*,,"Drogon doit son nom à Khal Drogo, l’époux défunt de Daenerys Targaryen. Ses écailles sont d’un noir profond, tandis que sa crête et ses cornes sont rouge sang. Ses yeux sont décrits comme étant des « fosses rouges et embrasées ». Bien que Drogon soit loin d’être adulte, sa taille actuelle et son caractère en font l’une des créatures les plus redoutables au monde. Doté d’une mobilité sans pareille et de la capacité de cracher le feu, Drogon est capable de se rendre où bon lui semble sur le champ de bataille et d’y tuer n’importe qui.",2021-S02
10708,Viserion,Feu Doré,,*Ne peut être recruté que dans une armée qui comprend Daenerys Targaryen.*,,"Viserion doit son nom à Viserys, le frère de Daenerys Targaryen. On l’appelle souvent de dragon blanc, bien qu’il soit plutôt couleur crème avec une crête et des cornes dorées. Ses griffes et ses dents sont d’un noir brillant, tandis que ces yeux sont des « lacs d’or fondu ». Bien que Viserion soit loin d’être adulte, sa taille actuelle en fait l’une des créatures les plus redoutables au monde. Doté d’une mobilité sans pareille et de la capacité de cracher le feu, Viserion est capable de se rendre où bon lui semble sur le champ de bataille et d’y tuer n’importe qui.",2021-S02
10709,Rhaegal,Feu de Jade,,*Ne peut être recruté que dans une armée qui comprend Daenerys Targaryen.*,,"Rhaegal doit son nom à Rhaegar, le frère de Daenerys Targaryen. Il est d’un vert et d’un bronze majestueux, avec des crocs et des griffes noir de jais. Ses yeux « plus brillants que des boucliers polis, luisent de leur propre chaleur ». Bien que Rhaegal soit loin d’être adulte, sa taille actuelle en fait l’une des créatures les plus redoutables au monde. Doté d’une mobilité sans pareille et de la capacité de cracher le feu, Rhaegal est capable de se rendre où bon lui semble sur le champ de bataille et d’y tuer n’importe qui.",2021-S02
10710,Hrakkars Dothraki,Griffes et Lames,,Limité : *Votre armée peut inclure un maximum de 2 Hrakkars Dothraki.*,,"Dresser l’un des grands lions blancs de la Mer Dothraki est un exploit dont les seuls les plus grands khalasars peuvent se targuer. Ces fauves redoutables jouissent d’un statut aussi prestigieux que celui des célèbres Loups-garous des Stark et leur présence sur le champ de bataille est tout aussi impressionnante. Rapides, mortels et par-dessus tout discrets, les Hrakkars en chasse peuvent fondre à tout moment sur les troupes imprudentes qui affrontent les Dothraki.",S04
10711,Derviches Corbeaux Tornade,Frappe Éclair,,,,"Payez à un Derviche Corbeau Tornade une semaine de solde, et vous aurez à votre disposition tirailleur aguerri et endurci, apte à se déplacer rapidement en armure moyenne afin de frapper les positions ennemies les plus exposées. Les Corbeaux Tornade sont connus pour n’être fidèles qu’à l’argent et cette sinistre réputation s’étend jusqu’à leurs soldats les mieux entraînés. Pourtant, les employeurs qui voient les derviches en action ont rarement des raisons de se plaindre, car ces guerriers redoutables sont capables de mettre en pièces les flancs ennemis avant de se replier en toute sécurité, annihilant toute velléité de contre-attaque.",S04
10712,Archers Corbeaux Tornade,Arc Long de Mercenaire,Épée Courte,,,"Que ce soit avec une lame, un arc ou les deux, un Corbeau Tornade reste un Corbeau Tornade. Il n’est motivé que par l’argent et une petite rallonge peut suffire à lui faire accomplir des miracles. Avec leurs arcs longs recourbés et leurs flèches à longue portée, les Archers Corbeaux Tornade sont des spécialistes du combat à distance. Ils ne brillent pas au corps à corps, même si leurs épées courtes peuvent occasionnellement leur permettre de repousser un assaillant affaibli. Un général avisé saura les tenir éloignés de la cavalerie ou de troupes débordant par le flanc.",S04
10713,Mercenaires Corbeaux Tornade,Épée Longue,,Réactivité : *Réduisez le coût de 1 Attachement de cette unité de 1.*,,"Bien que les Corbeaux Tornade ne soient pas toujours loyaux envers leurs chefs, leurs employeurs, voire envers eux-mêmes, leur dévouement absolu à l’argent est indiscutable. Lorsqu’on y met le prix, les Mercenaires Corbeaux Tornade se révèlent être une infanterie moyenne efficace, et sont capables de tenir une aile ou d’effectuer eux-mêmes des manœuvres de flanc. Tant que l’argent coule à flots, leur employeur, quel qu’il soit, peut compter sur leur professionnalisme sans faille.",S04
10714,Affranchis,Armes Improvisées,,,,"Lorsque Daenerys Targaryen fit la conquête d’Essos, elle libéra des dizaines de milliers d’esclaves. Sans qu’elle cherche vraiment à les recruter, ces hommes et ces femmes libérés du joug de l’esclavage prirent les armes pour rejoindre ses rangs. Les affranchis s’équipent de tout ce qui leur tombe sous la main : armes de récupération, pioches, faux, voire simples massues et, s’ils sont nombreux, ils manquent cruellement d’entraînement et de discipline. Ils ont la force du nombre, mais on ne peut guère compter sur eux pour tenir la ligne de front.",S04
10715,Sang-Coureurs de Drogo,Arakh Dothraki,,*Ne peuvent être recrutés que dans une armée qui contient Khal Drogo. Il doit être attaché à cette unité.*,,"Les Sang-coureurs Dothraki d’Essos offrent leur vie et leur sang à leur khal afin de devenir ses compagnons, gardes du corps et lieutenants. Le serment des Sang-coureurs est inviolable et ils sont prêts à suivre à leur seigneur jusque dans la mort.  Qu’ils chevauchent aux côtés de Khal Drogo ou qu’ils mènent leurs propres troupes, Cohollo, Haggo et Qotho sont tous des combattants hors pair capables d’affronter un ennemi dix fois supérieur en nombre.",S04
10716,Bêtes d'Airain,Armement Disparate,,,,"Instaurées par Daenerys Targaryen, les Bêtes d’airain sillonnent les rues de Meereen, l’une des majestueuses Cités des Esclavagistes. Leur nom provient des masques de bronze qu’ils arborent, moulés en têtes de chacal, de crocodiles ou d’ours. Leur création a permis d’alléger le fardeau des Immaculés, qui étaient souvent la cible d’assassinats lors de leurs patrouilles. Les Bêtes ne connaissent pas la peur. Elles foncent sur leurs ennemis dans les rues étroites pour les anéantir au corps à corps.",2021-S03
10717,Gladiateurs,Armement d'Arènaire,,,,"Les combats de gladiateurs constituent l’une des formes de divertissement les plus populaires (et les plus dangereuses). Les combattants asservis doivent être rompus à tous les styles de combat et être parés à toute éventualité, et ce en dépit de leur manque d’entrainement et de leur armement hétéroclite. Les Gladiateurs ont prêté allégeance à Daenerys quand celle-ci les a affranchis. Les généraux adverses auraient tort de sous-estimer ces guerriers peu conventionnels, même s’ils semblent manquer d’expérience sur le champ de bataille.",2021
10801,Ravageurs Fer-nés,Haches de Ravageur,,,,"Le long de la côte, les actes de piraterie et de pillage perpétrés par les Ravageurs Fer-nés leur ont conféré une sinistre réputation. Dès qu’ils apparaissent à l’horizon, leurs drakkars répandent la terreur parmi la population. Bien qu’ils soient tous des marins chevronnés, les Fer-nés portent néanmoins une cotte d’écailles légère, même lorsqu’ils sont à bord. Redoutables en tant que troupes d’attaque rapide, ils ne sont toutefois pas entraînés à soutenir un assaut prolongé. Un général avisé saura les tenir éloignés de la ligne de front.",2021-S03
10802,Archers Fer-nés,Flèches de Fer-Nés,Épée Courte,,,"Issus d’un peuple marin, les Fer-nés ne craignent pas la noyade et leurs cottes d’écailles légères leur confèrent une excellente protection sans pour autant entraver leurs mouvements. Leurs Archers, souvent venus des rangs des Ravageurs, sont de meilleurs combattants au corps à corps que la plupart des unités de tir. Les Archers ne sont toutefois pas des troupes de contact et ils doivent être protégés contre les assauts directs.",2021-S03
10803,Faucheurs de la Maison Harloi,Ferveur du Faucheur,,,,"La faux est généralement considérée comme peu efficace en tant qu’arme de guerre, mais les redoutables Faucheurs de la Maison Harloi utilisent un modèle de bardiche à lame longue qui évoque le symbole de leur famille. Les Faucheurs sont des troupes légères réputées pour leur extrême férocité. À quoi bon porter une armure lorsque l’ennemi est paralysé de terreur ? Lorsqu’il s’agit de répandre la peur dans les rangs ennemis, peu d’unités sont capables de rivaliser avec les Faucheurs.",S04
10804,Foregefers,Grand Marteau,,,,"Les troupes lourdement cuirassées de la Maison Forgefer sont souvent placées au centre des forces Fer-nées, notamment lorsqu’une ligne de défense est nécessaire. Grâce à leur armure d’écailles recouvrant d’épais vêtements de cuir bouilli, les Forgefers sont bien plus aptes à résister aux assauts que la plupart des troupes des Îles de Fer. Toutefois, comparés à d’autres « unités lourdes », les Forgefers font plutôt office d’infanterie moyenne, tout au moins tant qu’ils n’ont pas mis la main sur leur part du butin !",2021-S03
10805,Trappeurs Fer-nés,Piques Barbelées,,,,"Dans la Guerre des Cinq Rois, le pillage et les raids constituent la principale motivation des Fers-nés.   Que les grandes Maisons s’affrontent pour le Trône de Fer si elles le souhaitent. Les Fer-nés, eux, ont des côtes à piller, du butin à récolter et des gens à asservir. À ce titre, les Trappeurs Fer-nés n’ont pas leur pareil pour entraver leurs ennemis à l’aide de leurs longues piques barbelées et de leurs filets. Grâce à leur ruse et à l’utilisation ingénieuse d’outils déloyaux, les trappeurs parviennent à compenser leur manque de protection et leurs armes rudimentaires.",S04
10806,Élus des Noirmarées,Hache de Maître,,,,"De toutes les troupes que la Maison Greyjoy envoie harceler les villages côtiers, nulle n’inspire plus de terreur que les Élus des Noirmarées. Dès qu’ils débarquent, ces guerriers chevronnés se mettent rapidement en formation et annihilent toute fortification et tout défenseur qui se dressent sur leur chemin. Vêtus de pied en cap de lourdes cottes de mailles et armés de haches forgées par les meilleurs maîtres-artisans, les Élus font partie des troupes les plus solides qui combattent sous la bannière de la Seiche.",S04
10807,Hommes du Silence,Grande Hache,,,,"Ceux qui naviguent sous la bannière de la Seiche ont compris depuis longtemps que le pillage et la terreur vont de pair.  C’est pour cette raison que l’équipage du Silence, le navire amiral de la Maison Greyjoy, est composé entièrement de muets. La guerre est généralement une affaire bruyante, cependant les Hommes du Silence font planer un mutisme surnaturel sur le champ de bataille. Même dans la mort, ils ne profèrent jamais le moindre son, ce qui a pour effet de déstabiliser les troupes les plus endurcies.  Bien qu’ils ne soient équipés que d’armures légères, leurs grandes haches acérées sont capables d’enfoncer la plus solide des armures.",S04
10808,Les Noyés,Gourdin,,,,"Uniquement protégés par leur foi, et armés de gourdins en bois flotté ou d’autres détritus glanés sur le rivage, les Noyés apportent un soutien étonnamment efficace à ceux qui combattent sous la bannière de la Seiche. Leur présence sur le champ de bataille est le signe de la bénédiction du Dieu Noyé, encourageant les hommes à faire fi de leurs blessures et à combattre avec un acharnement renouvelé. Bien qu’ils soient peu nombreux, les Noyés puisent une telle force dans leur foi qu’ils sont capables de résister à des coups mortels.",S04
10809,Pillards des Roches,Harpon,,,,"L’apparition du pavillon de la Seiche à l’horizon est généralement synonyme d’ennuis pour les habitants des Roches, en grande partie à cause des Pillards embarqués à bord de ces navires. Ces soudards sont capables de se mouvoir avec rapidité et de s’emparer de tout ce qui passe à leur portée en massacrant ou mettant en déroute quiconque se dresse sur leur chemin. Cet élan meurtrier leur permet de soutenir des combats plus longtemps que la plupart des troupes dotées d’un équipement équivalent, mais à face à un adversaire plus coriace, ils auront besoin de soutien. ",2021
10901,Lanciers Martell,Lance,,,,"Certaines grandes maisons engagées dans la Guerre des Cinq Rois investissent dans des armures lourdes. La Maison Martell privilégie davantage l’art de la mobilité et de l’appui tactique. Les Lanciers Martell portent l’armure légère par-dessus leur tunique du désert, ce qui leur permet de conserver une excellente agilité au combat mais aussi de résister à l’aridité du climat dornien. Leurs lances traditionnelles peuvent stopper net une charge ennemie et leur programme de formation accélérée permet aux Martell de constituer rapidement l’ossature principale de leur armée.",2021
10902,Tirailleurs des Sables,Arc de Tirailleur,Lame de Tirailleur,,,"Au combat, l’agilité des Tirailleurs des Sables de la Maison Martell s’apparente à une véritable danse mortelle de lames et de flèches. Dotés d’une armure légère, ils sont bien plus mobiles que les plus rapides de leurs adversaires. Leur entraînement leur permet de harceler l’ennemi tout en le maintenant sous une pluie de flèches.  S’ils se retrouvent acculés en mêlée, les Tirailleurs des Sables sauront se défendre comme toute unité légère, mais un général avisé leur enverra des renforts dès que possible.",2021
10903,Derviches de Lancehélion,Lames de Derviche,,,,"Les Derviches de Lancehélion ont érigé la doctrine de mobilité au combat chère à la Maison Martell en un art raffiné. Leur entraînement leur permet d’engager le combat avec fulgurance, de frapper fort puis de se désengager rapidement afin de se repositionner ou de choisir une cible plus opportune.  La danse mortelle de leurs lames tournoyantes a généralement pour effet de déstabiliser l’adversaire au point de limiter ses possibilités de riposte. Même si les Derviches savent tenir la mêlée, il est préférable de toujours les garder en mouvement.",2021
10904,Garde Royale de Lancehélion,Lance Royale,,,,"Les célèbres Gardes Royaux de la maison Martell sont peu nombreux, mais comptent parmi les unités les mieux entraînées de tout Westeros. Leurs techniques de combat les rendent efficaces aussi bien en attaque qu’en défense. Les gardes disposent d’une condition physique qui leur permet de conserver leur mobilité malgré leurs armures, plus lourdes que celles des autres unités Martell. Lorsqu’il s’agit de tenir le centre de l’avant-garde, la Garde Royale de Lancehélion reste sans égal au sein des forces Martell.",2021
10905,Vipères des Dunes,Lance et Filet,,,,"Le paysage dornien évoque une mer de dunes sans fin. Il est facile d’être pris au piège de ses sables mouvants. Néanmoins, cette terre est celle des Vipères des Dunes, qui connaissent chacun de ses grains de sable. Grâce à leur connaissance du terrain, elles excellent dans les tactiques de guérilla. Elles harcèlent l’ennemi, les enserrant dans leurs filets avant de les embrocher de leurs lances. Les Vipères des Dunes donnent leur plein potentiel lorsqu’elles sont associées à une autre unité, mais elles sont capables de se débrouiller seules en cas de besoin.",2021
10906,Éclaireurs des Météores,Cimeterre,,,,"La Maison Dayne est la plus puissante vassale de Dorne. Son siège se situe dans la forteresse des Météores. Les Dayne sont connus pour leurs talents équestres et forment une partie non négligeable des forces montées de la Maison Martell. Les Éclaireurs des Météores sont des cavaliers légers dont la fonction consiste à harceler l’ennemi et à soutenir les unités alliées à proximité. Sous le soleil de plomb du désert, l’arrivée de ces troupes en tuniques violettes constitue un symbole fort pour les amis de la Maison Martell.",2021
10907,Chevaliers des Météores,Lance des Météores,,,,"L’environnement joue un rôle capital dans l’équipement et l’entraînement d’une armée. Sous le soleil brûlant de Dorne, les Chevaliers des Météores de la Maison Dayne, vassaux de la Maison Martell, portent des armures plus légères que la plupart des cavaliers lourds. Ils compensent leur protection moindre par leur vitesse et leur mobilité, ce qui leur permet de fondre sur l’ennemi là où il s’y attend le moins, et de causer des ravages avec leurs lances lors des charges.",2021
10908,Escorte de Sombre Astre,Cimeterre,,,,"La garde personnelle de Ser Gerold Dayne ne porte aucun nom officiel. Elle est simplement connue sous le nom d’Escorte de Sombre Astre, une appellation bien suffisante pour semer la terreur dans les rangs adverses. En effet, l’Escorte est composée de soldats qui marchent dans les pas de Sombre Astre, tant dans leur comportement que dans leur style de combat. Ils semblent surgir de nulle part, fondant généralement sur un flanc mal protégé, puis disparaissent jusqu’à ce qu’une nouvelle ouverture se présente. Pour autant qu’ils aient laissé des survivants, bien entendu.",2021
11001,Coupe-Jarrets,Agression Impitoyable,,,,"Malgré leur équipement léger, les Coupe-Jarrets de la Maison Bolton jouissent d’une réputation de brutalité et d’efficacité impitoyable qui leur permet de répandre la peur dans les rangs de troupes ennemies bien mieux équipées. Leurs masses à pointes peuvent broyer leurs ennemis, mais c’est en tant qu’instruments de terreur qu’elles se révèlent les plus utiles. Les Coupe-Jarrets de la Maison Bolton se plaisent à humilier leurs ennemis vaincus ou, pire encore, à les capturer pour leur faire subir un sort plus terrible encore",2021-S01
11002,Gardes Noirs,Fléau à Pointes,,,,Tous les adversaires des Gardes Noirs de la Maison Bolton ont eu vent de leur cruauté. Leurs terribles fléaux à pointes peuvent défoncer les boucliers les plus solides. Les Gardes Noirs constituent les troupes les plus lourdes des forces de la Maison Bolton et sont donc capables de prendre et de tenir n’importe quelle position sur le champ de bataille.,2021
11003,Archers de Fort Terreur,Volée Impitoyable,Épée Courte,,,"Lorsqu’on parle des pires horreurs de guerre, autant destinées à répandre la terreur qu’à causer des pertes, impossible de ne pas évoquer la Maison Bolton. Les Archers de Fort Terreur font pleuvoir sans retenue de cruelles volées de flèches sur leurs adversaires, sans la moindre considération pour leurs camarades engagés dans la mêlée. Les troupes alliées auront sans doute à déplorer quelques pertes, mais le mépris de toute vie qu’affiche la Maison Bolton ne s’applique pas qu’à leurs ennemis.",2021
11004,Filles du Bâtard,Arc de Pisteur,Lames et Crocs,,,"Dressées à acculer et à abattre la plus lourde des infanteries, les Filles du Bâtard excellent dans les attaques de flanc et dans la traque d’adversaires en fuite. Bien qu’elles ne soient pas assez protégées pour soutenir un assaut prolongé, elles se complaisent à fondre sur les ennemis blessés par les flèches de leurs maîtres. Une forte récompense attend le dresseur qui aura su capturer un officier ennemi afin que Ramsay Bolton puisse « se divertir » après la bataille.",2021
11005,Écorchés,Fléau de Guerre,,,,"Dans la Guerre des Cinq Rois, ceux que l’on nomme les Écorchés forment les rangs d’une cavalerie plus lourde que la plupart de celles combattant sous des bannières pourtant plus prestigieuses. Équipés de robustes armures d’acier (noirci, bien évidemment), de grands boucliers et de lourdes bardes pour leurs chevaux, les Écorchés peuvent effectuer des charges dévastatrices et tenir le front pour un temps limité. Le fléau de guerre, leur arme de prédilection, est capable d’anéantir les meilleures défenses, mais c’est encore leur apparence terrifiante qui constitue leur meilleur atout.",2021-S02
11006,Piquiers de Fort Terreur,Pique d'Empalement,,,,"Entraînés à semer la peur et la panique dans les rangs ennemis, les Piquiers de la Maison Bolton sont dénués de tout sens moral. Leurs heaumes et leurs boucliers sont garnis de pointes afin de renforcer leur aspect terrifiant. Ils sont passés maîtres dans l’art d’infliger des blessures douloureuses, mais non fatales, à leurs adversaires, afin qu’une fois la bataille achevée, les nombreux prisonniers puissent permettre aux bourreaux de la Maison Bolton de s’adonner à leurs plaisirs sadiques.",2021